INDICATOR SOURCEID,INDICATORNAME,SOURCE_ORIGIN,COUNTRY_CODE,SHORT_NAME,SELECTED,VALUE,LATEST_YEAR,RANKING,COMMENT,LOGICAL_FRAMEWORK_COMPONENT,ACTORS,STI_ACTIVITIES_MAIN_SUBJECTS,Quality_COEFFICIENT_OF_VARIATION_RANKING,Quality_MISSING_VALUES_PERCENTAGE_RANKING,Quality_OUTLIER_SUM_RANKING,Quality_LAG_YEAR_AVG_RANKING,Quality_RELEVANCE_NUMBER_OF_RESPONDENTS_RANKING,Quality_RELEVANCE_MEDIAN_SCORE_RANKING,,,,,,,
162,Internet bandwidth - kbs per user,GCI 2007 - 2019,NGA,Nigeria,Project,11.25653,2017,15,Latest Value  2017,enabler,Users / consumers,ICT READINESS,237,107,231,111,146,229,,,,,,,
10,2. Ethics and corruption - Value,GCI 2007 - 2019,NGA,Nigeria,Project,2.144264,2016,39,Latest Value  2016,enabler,State Institutions,HUMAN AND SUSTAINABLE DEVELOPMENT,51,109,178,125,156,12,,,,,,,
12,2nd pillar Infrastructure - Value,GCI 2007 - 2019,NGA,Nigeria,Project,2.036966,2017,36,Latest Value  2017,enabler,State Institutions,INFRASTRUCTURE,56,80,8,117,88,186,,,,,,,
18,4. Government efficiency - Value,GCI 2007 - 2019,NGA,Nigeria,Project,3.020569,2016,32,Latest Value  2016,enabler,State Institutions,ICT READINESS,14,110,184,124,,,,,,,,,
43,Availability of latest technologies - 1-7 Best,GCI 2007 - 2019,NGA,Nigeria,Project,4.255414,2017,16,Latest Value  2017,enabler,Users / consumers,ICT READINESS,17,81,92,110,141,202,,,,,,,
45,"Availability of research and training services, 1-7 (best) - 1-7 Best",GCI 2007 - 2019,NGA,Nigeria,Project,4.240423,2017,14,Latest Value  2017,enabler,"Science, technology, and R&D organisations and personnel",RESEARCH ACTIVITIES,19,90,70,91,91,9,,,,,,,
174,Mobile broadband subscriptions - 100 pop,GCI 2007 - 2019,NGA,Nigeria,Project,21.80089,2017,26,Latest Value  2017,enabler,Users / consumers,ICT READINESS,194,120,183,119,143,228,,,,,,,
61,"Burden of government regulation, 1-7 (best) - 1-7 Best",GCI 2007 - 2019,NGA,Nigeria,Project,2.707993,2019,38,Latest Value  2019,enabler,State Institutions,GOVERNANCE AND INSTITUTIONAL DEVELOPMENT,259,56,217,59,148,216,,,,,,,
8917,(M) Time to resolve insolvency (years) (Modified - Inverse value),WDI 2020,NGA,Nigeria,Project,-2,2019,14,Latest Value  2019 ; Inverse value,enabler,Financial organisations and venture capitalists,FINANCIAL SYSTEM,71,48,58,53,214,131,,,,,,,
110,Efficiency of legal framework in challenging regs - 1-7 Best,GCI 2007 - 2019,NGA,Nigeria,Project,2.645649,2017,31,Latest Value  2017,enabler,State Institutions,GOVERNANCE AND INSTITUTIONAL DEVELOPMENT,27,79,135,105,150,213,,,,,,,
116,"Efficiency of legal framework in settling disputes, 1-7 (best) - 1-7 Best",GCI 2007 - 2019,NGA,Nigeria,Project,3.059473,2019,35,Latest Value  2019,enabler,State Institutions,GOVERNANCE AND INSTITUTIONAL DEVELOPMENT,22,58,136,58,162,207,,,,,,,
122,Extent of market dominance - 1-7 Best,GCI 2007 - 2019,NGA,Nigeria,Project,3.702859,2017,13,Latest Value  2017,enabler,State Institutions,JOB AND PRODUCT MARKET,9,86,165,96,177,192,,,,,,,
126,"Extent of staff training, 1-7 (best) - 1-7 Best",GCI 2007 - 2019,NGA,Nigeria,Project,3.644166,2019,22,Latest Value  2019,enabler,Education and training organisations,EDUCATION AND TRAINING,10,57,155,55,226,187,,,,,,,
132,"Financing through local equity market, 1-7 (best) - 1-7 Best",GCI 2007 - 2019,NGA,Nigeria,Project,4.023522,2017,8,Latest Value  2017,enabler,State Institutions,JOB AND PRODUCT MARKET,54,92,17,88,213,130,,,,,,,
156,Intensity of local competition - 1-7 Best,GCI 2007 - 2019,NGA,Nigeria,Project,5.09086,2017,10,Latest Value  2017,enabler,State Institutions,JOB AND PRODUCT MARKET,4,85,143,107,178,217,,,,,,,
168,Judicial independence (WEF) - 1-7 Best,GCI 2007 - 2019,NGA,Nigeria,Project,3.625079,2017,19,Latest Value  2017,enabler,State Institutions,GOVERNANCE AND INSTITUTIONAL DEVELOPMENT,57,83,46,104,152,212,,,,,,,
179,(M) No days to start a business - Value (Modified - Inverse value),GCI 2007 - 2019,NGA,Nigeria,Project,-25.2,2017,26,Latest Value  2017 ; Inverse value,enabler,State Institutions,GOVERNANCE AND INSTITUTIONAL DEVELOPMENT,165,89,200,97,201,98,,,,,,,
184,"Organized crime, 1-7 (best) - 1-7 Best",GCI 2007 - 2019,NGA,Nigeria,Project,3.533294,2019,32,Latest Value  2019,enabler,State Institutions,HUMAN AND SUSTAINABLE DEVELOPMENT,23,59,25,56,163,13,,,,,,,
188,Prevalence of foreign ownership - 1-7 Best,GCI 2007 - 2019,NGA,Nigeria,Project,4.715747,2017,16,Latest Value  2017,enabler,State Institutions,GOVERNANCE AND INSTITUTIONAL DEVELOPMENT,258,78,142,94,158,10,,,,,,,
192,"Prevalence of trade barriers, 1-7 (best) - 1-7 Best",GCI 2007 - 2019,NGA,Nigeria,Project,4.783219,2019,2,Latest Value  2019,enabler,State Institutions,JOB AND PRODUCT MARKET,3,61,123,61,225,149,,,,,,,
199,"Property rights, 1-7 (best) - Value",GCI 2007 - 2019,NGA,Nigeria,Project,3.813756,2016,25,Latest Value  2016,enabler,State Institutions,GOVERNANCE AND INSTITUTIONAL DEVELOPMENT,40,108,67,126,206,132,,,,,,,
212,Quality of electricity supply - 1-7 Best,GCI 2007 - 2019,NGA,Nigeria,Project,1.422393,2017,41,Latest Value  2017,enabler,State Institutions,HUMAN AND SUSTAINABLE DEVELOPMENT,256,71,96,100,120,85,,,,,,,
218,"Quality of management schools, 1-7 (best) - 1-7 Best",GCI 2007 - 2019,NGA,Nigeria,Project,3.831887,2017,18,Latest Value  2017,enabler,Education and training organisations,EDUCATION AND TRAINING,30,94,76,90,100,19,,,,,,,
220,Quality of math and science education - 1-7 Best,GCI 2007 - 2019,NGA,Nigeria,Project,2.863519,2017,30,Latest Value  2017,enabler,Education and training organisations,EDUCATION AND TRAINING,261,82,117,118,102,20,,,,,,,
232,Quality of primary education - 1-7 Best,GCI 2007 - 2019,NGA,Nigeria,Project,2.832684,2017,31,Latest Value  2017,enabler,Education and training organisations,EDUCATION AND TRAINING,44,84,28,108,111,24,,,,,,,
236,Quality of railroad infrastructure - 1-7 Best,GCI 2007 - 2019,NGA,Nigeria,Project,1.498857,2017,30,Latest Value  2017,enabler,State Institutions,INFRASTRUCTURE,58,117,68,144,80,185,,,,,,,
250,"Quality of the education system, 1-7 (best) - 1-7 Best",GCI 2007 - 2019,NGA,Nigeria,Project,2.786904,2017,32,Latest Value  2017,enabler,Education and training organisations,EDUCATION AND TRAINING,38,93,40,93,110,26,,,,,,,
254,Reliability of police services - 1-7 Best,GCI 2007 - 2019,NGA,Nigeria,Project,2.957723,2017,35,Latest Value  2017,enabler,State Institutions,HUMAN AND SUSTAINABLE DEVELOPMENT,42,77,159,114,,,,,,,,,
260,"Soundness of banks, 1-7 (best) - 1-7 Best",GCI 2007 - 2019,NGA,Nigeria,Project,4.315121,2019,18,Latest Value  2019,enabler,Financial organisations and venture capitalists,FINANCIAL SYSTEM,34,60,153,60,236,233,,,,,,,
262,Strength of auditing and reporting standards - 1-7 Best,GCI 2007 - 2019,NGA,Nigeria,Project,4.635795,2017,11,Latest Value  2017,enabler,State Institutions,GOVERNANCE AND INSTITUTIONAL DEVELOPMENT,35,73,176,112,159,14,,,,,,,
274,Trade tariffs % duty - Value,GCI 2007 - 2019,NGA,Nigeria,Project,11.19284,2017,13,Latest Value  2017,enabler,State Institutions,JOB AND PRODUCT MARKET,72,91,215,95,217,184,,,,,,,
281,"Venture capital availability, 1-7 (best) - 1-7 Best",GCI 2007 - 2019,NGA,Nigeria,Project,2.011004,2019,33,Latest Value  2019,enabler,Financial organisations and venture capitalists,FINANCIAL SYSTEM,260,55,141,57,174,197,,,,,,,
300,"Human capital index, based on years of schooling and returns to education; see Human capital in PWT9.",Penn World Tables 9.1 2020,NGA,Nigeria,Project,65.15655,2017,1,Latest Value  2017,enabler,State Institutions,HUMAN AND SUSTAINABLE DEVELOPMENT,209,49,233,62,228,71,,,,,,,
338,Mobile Cellular telephone subscriptions per 100 inhabitants,UN - external data from ITU,NGA,Nigeria,Project,77.84,2014,23,Latest Value  2014,enabler,Users / consumers,ICT READINESS,114,98,131,129,237,113,,,,,,,
345,Employment by industry: Agriculture (%) Female,UN -  Other indicators,NGA,Nigeria,Project,25.76,2019,42,Latest Value  2019,enabler,State Institutions,GOVERNANCE AND INSTITUTIONAL DEVELOPMENT,104,133,51,5,176,211,,,,,,,
370,"(M) Intentional homicide rates per 100,000 (Modified - Inverse value)",UN -  Other indicators,NGA,Nigeria,Project,-9.8,2015,39,Latest Value  2015 ; Inverse value,enabler,State Institutions,HUMAN AND SUSTAINABLE DEVELOPMENT,173,145,171,128,234,1,,,,,,,
867,Life expectancy at birth total (years),UN-Demo,NGA,Nigeria,Project,53.95,2017,50,Latest Value  2017,enabler,State Institutions,HUMAN AND SUSTAINABLE DEVELOPMENT,2,42,166,48,99,18,,,,,,,
878,(M) Total debt service (% of GNI) (Modified - Inverse value),UN-Demo,NGA,Nigeria,Project,-1.52626,2018,19,Latest Value  2018 ; Inverse value,enabler,State Institutions,FINANCIAL SYSTEM,224,46,236,47,223,90,,,,,,,
2105,"Gross enrolment ratio, tertiary, both sexes (%)",UN-EDUN,NGA,Nigeria,Project,10.17443,2011,23,Latest Value  2011,enabler,Education and training organisations,EDUCATION AND TRAINING,164,97,208,87,173,133,,,,,,,
4241,"School life expectancy, primary to tertiary, both sexes (years)",UN-EDUN,NGA,Nigeria,Project,8.68239,2011,29,Latest Value  2011,enabler,Education and training organisations,EDUCATION AND TRAINING,48,127,45,138,103,30,,,,,,,
5429,Percentage of manufacturing firms that engaged in acquisition of external knowledge,UN-Inno,NGA,Nigeria,Project,51.70732,2010,1,Latest Value  2010,enabler,Firms in the formal sector,EXPENDITURE ON STA,67,236,102,234,96,80,,,,,,,
5430,"Percentage of manufacturing firms that engaged in acquisition of machinery, equipment and software",UN-Inno,NGA,Nigeria,Project,82.92683,2010,2,Latest Value  2010,enabler,State Institutions,EXPENDITURE ON STA,5,235,35,238,98,86,,,,,,,
5433,Percentage of manufacturing firms that engaged in market introduction of innovations,UN-Inno,NGA,Nigeria,Project,60.97561,2010,3,Latest Value  2010,enabler,Firms in the formal sector,INNOVATION OUTPUTS,64,234,94,240,95,88,,,,,,,
5563,(M) Percentage of non-innovative manufacturing firms for which the lack of financing from sources outside the enterprise was a highly important hampering factor (Modified - Inverse value),UN-Inno,NGA,Nigeria,Project,-47.05882,2010,6,Latest Value  2010 ; Inverse value,enabler,Firms in the formal sector,INNOVATION DETERMINANTS,66,250,81,247,,,,,,,,,
5564,(M) Percentage of non-innovative manufacturing firms for which the lack of funds within the enterprise or enterprise group was a highly important hampering factor (Modified - Inverse value),UN-Inno,NGA,Nigeria,Project,-55.20362,2010,6,Latest Value  2010 ; Inverse value,enabler,Firms in the formal sector,INNOVATION DETERMINANTS,65,247,55,248,,,,,,,,,
5567,(M) Percentage of non-innovative manufacturing firms for which the lack of qualified personnel was a highly important hampering factor (Modified - Inverse value),UN-Inno,NGA,Nigeria,Project,-20.81448,2010,4,Latest Value  2010 ; Inverse value,enabler,Firms in the formal sector,INNOVATION DETERMINANTS,75,248,113,249,,,,,,,,,
7232,Energy intensity level of primary energy (megajoules per constant 2011 purchasing power parity GDP),UN-SDGs,NGA,Nigeria,Project,6.44,2017,19,Latest Value  2017,enabler,State Institutions,HUMAN AND SUSTAINABLE DEVELOPMENT,129,47,228,52,123,81,,,,,,,
7276,Internet users per 100 inhabitants,UN-SDGs,NGA,Nigeria,Project,42,2017,16,Latest Value  2017,enabler,Users / consumers,ICT READINESS,176,41,220,46,139,236,,,,,,,
7289,"(M) Malaria incidence per 1,000 population at risk (per 1,000 population) (Modified - Inverse value)",UN-SDGs,NGA,Nigeria,Project,-291.9425,2018,38,Latest Value  2018 ; Inverse value,enabler,State Institutions,HUMAN AND SUSTAINABLE DEVELOPMENT,170,40,71,43,101,17,,,,,,,
7332,(M) Non-performing loans to total gross loans (%) (Modified - Inverse value),UN-SDGs,NGA,Nigeria,Project,-6.034723,2019,8,Latest Value  2019 ; Inverse value,enabler,Financial organisations and venture capitalists,FINANCIAL SYSTEM,141,112,211,143,215,134,,,,,,,
7361,"(M) Number of new HIV infections per 1,000 uninfected population, by sex and age (per 1,000 uninfected population) (Modified - Inverse value)",UN-SDGs,NGA,Nigeria,Project,-1.4,2018,27,Latest Value  2018 ; Inverse value,enabler,State Institutions,HUMAN AND SUSTAINABLE DEVELOPMENT,225,36,256,39,107,29,,,,,,,
7457,Proportion of population covered by at least a 2G mobile network (%),UN-SDGs,NGA,Nigeria,Project,94.33,2018,26,Latest Value  2018,enabler,Users / consumers,ICT READINESS,26,62,248,38,203,227,,,,,,,
7489,"Proportion of teachers who have received at least the minimum organized teacher training (e.g. pedagogical training) pre-service or in-service required for teaching at the relevant level in a given country, by sex and education level (%)",UN-SDGs,NGA,Nigeria,Project,85.66133,2010,31,Latest Value  2010,enabler,Education and training organisations,EDUCATION AND TRAINING,52,100,203,75,212,87,,,,,,,
7519,Red List Index,UN-SDGs,NGA,Nigeria,Project,0.85644,2019,36,Latest Value  2019,enabler,State Institutions,HUMAN AND SUSTAINABLE DEVELOPMENT,1,1,204,3,200,221,,,,,,,
7569,Water body extent (permanent and maybe permanent) (% of total land area),UN-SDGs,NGA,Nigeria,Project,0.4609669,2018,23,Latest Value  2018,enabler,State Institutions,HUMAN AND SUSTAINABLE DEVELOPMENT,238,38,258,42,194,118,,,,,,,
7588,Access to clean fuels and technologies for cooking (% of population),WDI 2020,NGA,Nigeria,Project,4.91,2016,33,Latest Value  2016,enabler,State Institutions,HUMAN AND SUSTAINABLE DEVELOPMENT,200,54,4,74,191,198,,,,,,,
7589,Access to electricity (% of population),WDI 2020,NGA,Nigeria,Project,56.5,2018,25,Latest Value  2018,enabler,State Institutions,HUMAN AND SUSTAINABLE DEVELOPMENT,117,28,49,32,118,84,,,,,,,
7697,Bank capital to assets ratio (%),WDI 2020,NGA,Nigeria,Project,7.294229,2019,26,Latest Value  2019,enabler,Financial organisations and venture capitalists,FINANCIAL SYSTEM,59,111,180,137,239,241,,,,,,,
7703,Benefit incidence of social safety net programs to poorest quintile (% of total safety net benefits),WDI 2020,NGA,Nigeria,Project,5.65437,2015,18,Latest Value  2015,enabler,State Institutions,HUMAN AND SUSTAINABLE DEVELOPMENT,179,212,145,202,,,,,,,,,
7866,CPIA social protection rating (1=low to 6=high),WDI 2020,NGA,Nigeria,Project,4,2019,2,Latest Value  2019,enabler,State Institutions,HUMAN AND SUSTAINABLE DEVELOPMENT,39,51,34,54,,,,,,,,,
7898,Domestic credit to private sector (% of GDP),WDI 2020,NGA,Nigeria,Project,10.46918,2019,45,Latest Value  2019,enabler,Financial organisations and venture capitalists,FINANCIAL SYSTEM,185,35,254,31,202,168,,,,,,,
8034,Fixed broadband subscriptions (per 100 people),WDI 2020,NGA,Nigeria,Project,0.03776139,2018,44,Latest Value  2018,enabler,Users / consumers,ICT READINESS,236,39,262,41,144,230,,,,,,,
8042,"Foreign direct investment, net inflows (% of GDP)",WDI 2020,NGA,Nigeria,Project,0.5016785,2018,47,Latest Value  2018,enabler,Financial organisations and venture capitalists,EXPENDITURE ON STA,232,34,251,37,221,193,,,,,,,
8044,"Foreign direct investment, net outflows (% of GDP)",WDI 2020,NGA,Nigeria,Project,0.3468099,2018,16,Latest Value  2018,enabler,Financial organisations and venture capitalists,INNOVATION OUTPUTS,254,52,255,65,235,39,,,,,,,
8055,(M) GDP (current US$) (Modified - Per capita),WDI 2020,NGA,Nigeria,Project,2229.858553,2019,18,Latest Value  2019 ; Per capita,enabler,State Institutions,GOVERNANCE AND INSTITUTIONAL DEVELOPMENT,233,19,257,21,136,224,,,,,,,
8058,GDP growth (annual %),WDI 2020,NGA,Nigeria,Project,2.208429,2019,38,Latest Value  2019,enabler,State Institutions,GOVERNANCE AND INSTITUTIONAL DEVELOPMENT,231,20,241,22,134,225,,,,,,,
8068,GDP per unit of energy use (PPP $ per kg of oil equivalent),WDI 2020,NGA,Nigeria,Project,7.211812,2014,16,Latest Value  2014,enabler,State Institutions,INFRASTRUCTURE,115,139,144,193,119,74,,,,,,,
8108,Gross capital formation (% of GDP),WDI 2020,NGA,Nigeria,Project,19.81377,2018,32,Latest Value  2018,enabler,Multiple actors,GOVERNANCE AND INSTITUTIONAL DEVELOPMENT,82,31,170,28,205,48,,,,,,,
8169,ICT goods imports (% total goods imports),WDI 2020,NGA,Nigeria,Project,3.269822,2017,23,Latest Value  2017,enabler,Brokers and suppliers,EXPENDITURE ON STA,102,95,207,120,121,103,,,,,,,
8181,Imports of goods and services (% of GDP),WDI 2020,NGA,Nigeria,Project,17.51094,2018,50,Latest Value  2018,enabler,State Institutions,KNOWLEDGE FLOWS,110,25,240,26,232,125,,,,,,,
8206,"Industry (including construction), value added (% of GDP)",WDI 2020,NGA,Nigeria,Project,27.38254,2019,15,Latest Value  2019,enabler,Firms in the formal sector,SCIENCE AND TECHNOLOGY OUTPUTS,107,21,238,24,138,73,,,,,,,
8213,"(M) Inflation, consumer prices (annual %) (Modified - Inverse value)",WDI 2020,NGA,Nigeria,Project,-11.39679,2019,44,Latest Value  2019 ; Inverse value,enabler,State Institutions,GOVERNANCE AND INSTITUTIONAL DEVELOPMENT,246,33,247,36,233,234,,,,,,,
8235,"(M) International migrant stock, total (Modified - Per capita)",WDI 2020,NGA,Nigeria,Project,0.005966827,2015,44,Latest Value  2015 ; Per capita,enabler,Education and training organisations,EDUCATION AND TRAINING,212,146,191,86,,,,,,,,,
8274,"Labor force, female (% of total labor force)",WDI 2020,NGA,Nigeria,Project,44.94145,2019,32,Latest Value  2019,enabler,State Institutions,HUMAN AND SUSTAINABLE DEVELOPMENT,32,17,253,20,230,5,,,,,,,
8289,Liner shipping connectivity index (maximum value in 2004 = 100),WDI 2020,NGA,Nigeria,Project,21.43772,2019,9,Latest Value  2019,enabler,State Institutions,INFRASTRUCTURE,160,53,232,69,82,183,,,,,,,
8300,Logistics performance index: Competence and quality of logistics services (1=low to 5=high),WDI 2020,NGA,Nigeria,Project,2.4,2018,24,Latest Value  2018,enabler,State Institutions,INFRASTRUCTURE,11,119,196,44,,,,,,,,,
8302,Logistics performance index: Efficiency of customs clearance process (1=low to 5=high),WDI 2020,NGA,Nigeria,Project,1.97,2018,42,Latest Value  2018,enabler,State Institutions,JOB AND PRODUCT MARKET,13,118,185,45,,,,,,,,,
8323,Market capitalization of listed domestic companies (% of GDP),WDI 2020,NGA,Nigeria,Project,9.801294,2019,11,Latest Value  2019,enabler,Financial organisations and venture capitalists,JOB AND PRODUCT MARKET,216,154,201,217,,,,,,,,,
8554,People using safely managed sanitation services (% of population),WDI 2020,NGA,Nigeria,Project,26.65462,2017,5,Latest Value  2017,enabler,State Institutions,HUMAN AND SUSTAINABLE DEVELOPMENT,132,150,186,224,175,137,,,,,,,
8573,"Physicians (per 1,000 people)",WDI 2020,NGA,Nigeria,Project,0.3806,2018,15,Latest Value  2018,enabler,Education and training organisations,JOB AND PRODUCT MARKET,215,122,235,68,105,67,,,,,,,
8701,"Primary completion rate, total (% of relevant age group)",WDI 2020,NGA,Nigeria,Project,73.79249,2010,25,Latest Value  2010,enabler,Education and training organisations,EDUCATION AND TRAINING,55,67,53,77,186,162,,,,,,,
8740,"Pupil-teacher ratio, secondary",WDI 2020,NGA,Nigeria,Project,23.19708,2010,20,Latest Value  2010,enabler,Education and training organisations,EDUCATION AND TRAINING,87,123,157,122,210,79,,,,,,,
8814,Secure Internet servers (per 1 million people),WDI 2020,NGA,Nigeria,Project,74.81952,2019,12,Latest Value  2019,enabler,State Institutions,ICT READINESS,257,18,263,6,142,240,,,,,,,
8869,"Tariff rate, applied, weighted mean, all products (%)",WDI 2020,NGA,Nigeria,Project,8.52,2016,28,Latest Value  2016,enabler,State Institutions,JOB AND PRODUCT MARKET,103,65,11,64,209,189,,,,,,,
8939,Trained teachers in lower secondary education (% of total teachers),WDI 2020,NGA,Nigeria,Project,85.00631,2010,11,Latest Value  2010,enabler,Education and training organisations,EDUCATION AND TRAINING,78,163,15,174,218,72,,,,,,,
9001,"Wage and salaried workers, female (% of female employment) (modeled ILO estimate)",WDI 2020,NGA,Nigeria,Project,13.118,2019,31,Latest Value  2019,enabler,State Institutions,HUMAN AND SUSTAINABLE DEVELOPMENT,177,9,205,19,140,99,,,,,,,
9020,Government effectiveness,WGI 1996 - 2020,NGA,Nigeria,Project,13.46154,2019,36,Latest Value  2019,enabler,State Institutions,GOVERNANCE AND INSTITUTIONAL DEVELOPMENT,161,10,169,16,112,66,,,,,,,
9021,Political stability non violence,WGI 1996 - 2020,NGA,Nigeria,Project,5.238095,2019,48,Latest Value  2019,enabler,State Institutions,GOVERNANCE AND INSTITUTIONAL DEVELOPMENT,146,11,10,14,165,11,,,,,,,
9022,Regulatory quality,WGI 1996 - 2020,NGA,Nigeria,Project,17.78846,2019,33,Latest Value  2019,enabler,State Institutions,GOVERNANCE AND INSTITUTIONAL DEVELOPMENT,138,13,100,13,149,196,,,,,,,
9023,Rule of law,WGI 1996 - 2020,NGA,Nigeria,Project,18.75,2019,33,Latest Value  2019,enabler,State Institutions,GOVERNANCE AND INSTITUTIONAL DEVELOPMENT,143,12,27,11,153,15,,,,,,,
35,"Affordability of financial services, 1-7 (best) - 1-7 Best",GCI 2007 - 2019,NGA,Nigeria,Project,2.577903,2017,35,Latest Value  2017,enabler,Financial organisations and venture capitalists,FINANCIAL SYSTEM,234,105,158,92,211,109,,,,,,,
152,Intellectual property protection - 1-7 Best,GCI 2007 - 2019,NGA,Nigeria,Project,3.161098,2017,34,Latest Value  2017,enabler,State Institutions,GOVERNANCE AND INSTITUTIONAL DEVELOPMENT,41,106,167,101,154,206,,,,,,,
7824,(M) Cost of business start-up procedures (% of GNI per capita) (Modified - Inverse value),WDI 2020,NGA,Nigeria,Project,-26.1,2019,33,Latest Value  2019 ; Inverse value,enabler,State Institutions,GOVERNANCE AND INSTITUTIONAL DEVELOPMENT,197,15,234,2,208,147,,,,,,,
8276,Labor tax and contributions (% of commercial profits),WDI 2020,NGA,Nigeria,Project,13.5,2019,27,Latest Value  2019,enabler,State Institutions,JOB AND PRODUCT MARKET,134,16,73,17,240,2,,,,,,,
8907,(M) Time required to start a business (days) (Modified - Inverse value),WDI 2020,NGA,Nigeria,Project,-7.2,2019,10,Latest Value  2019 ; Inverse value,enabler,State Institutions,GOVERNANCE AND INSTITUTIONAL DEVELOPMENT,178,14,239,1,204,116,,,,,,,
85,"Country capacity to attract talent, 1-7 (best) - 1-7 Best",GCI 2007 - 2019,NGA,Nigeria,Project,3.568746,2017,13,Latest Value  2017,enabler,Education and training organisations,EDUCATION AND TRAINING,31,135,50,89,207,123,,,,,,,
7564,"(M) Unemployment rate, by sex and age (%) (Modified - Inverse value)",UN-SDGs,NGA,Nigeria,Project,-13.8,2017,20,Latest Value  2017 ; Inverse value,enabler,State Institutions,JOB AND PRODUCT MARKET,149,142,5,146,181,223,,,,,,,
8024,Firms offering formal training (% of firms),WDI 2020,NGA,Nigeria,Project,30.7,2014,17,Latest Value  2014,enabler,Firms in the formal sector,JOB AND PRODUCT MARKET,79,186,91,148,222,182,,,,,,,
9142,Percent of firms offering formal training,WEF Enterprise Survey,NGA,Nigeria,Project,30.7,2014,15,Latest Value  2014,enabler,Firms in the formal sector,JOB AND PRODUCT MARKET,77,192,118,156,227,181,,,,,,,
7285,Level of national compliance with labour rights (freedom of association and collective bargaining) based on International Labour Organization (ILO) textual sources and national legislation,UN-SDGs,NGA,Nigeria,Project,2.7,2017,8,Latest Value  2017,enabler,Firms in the formal sector,JOB AND PRODUCT MARKET,193,155,213,123,161,16,,,,,,,
7580,"[ILO] Proportion of population above statutory pensionable age receiving a pension, by sex (%)",UN-SDGs,NGA,Nigeria,Project,11,2019,29,Latest Value  2019,enabler,State Institutions,HUMAN AND SUSTAINABLE DEVELOPMENT,182,183,31,142,185,219,,,,,,,
8266,"Labor force with advanced education, female (% of female working-age population with advanced education)",WDI 2020,NGA,Nigeria,Project,75.784,2019,10,Latest Value  2019,enabler,Education and training organisations,EDUCATION AND TRAINING,20,144,95,136,242,4,,,,,,,
8378,"(M) Mortality rate attributed to unsafe water, unsafe sanitation and lack of hygiene (per 100,000 population) (Modified - Inverse value)",WDI 2020,NGA,Nigeria,Project,-68.6,2016,48,Latest Value  2016 ; Inverse value,enabler,State Institutions,HUMAN AND SUSTAINABLE DEVELOPMENT,142,179,98,72,172,120,,,,,,,
8965,(M) Unemployment with advanced education (% of total labor force with advanced education) (Modified - Inverse value),WDI 2020,NGA,Nigeria,Project,-15.3024,2019,31,Latest Value  2019 ; Inverse value,enabler,Education and training organisations,EDUCATION AND TRAINING,123,147,150,141,171,199,,,,,,,
7222,(M) Dollar value of all resources made available to strengthen statistical capacity in developing countries (current United States dollars) (Modified - Per capita),UN-SDGs,NGA,Nigeria,Project,0.009043429,2017,38,Latest Value  2017 ; Per capita,enabler,Multiple actors,GOVERNANCE AND INSTITUTIONAL DEVELOPMENT,240,185,198,66,,,,,,,,,
8293,"Literacy rate, adult total (% of people ages 15 and above)",WDI 2020,NGA,Nigeria,Project,62.01601,2018,32,Latest Value  2018,enabler,Education and training organisations,EDUCATION AND TRAINING,61,143,20,67,193,141,,,,,,,
7909,(M) Ease of doing business index (1=most business-friendly regulations) (Modified - Inverse value),WDI 2020,NGA,Nigeria,Project,-131,2019,21,Latest Value  2019 ; Inverse value,enabler,State Institutions,GOVERNANCE AND INSTITUTIONAL DEVELOPMENT,62,181,99,4,216,112,,,,,,,
8938,"(M) Trademark applications, total (Modified - Per capita)",WDI 2020,NGA,Nigeria,Project,5.53085E-05,2018,28,Latest Value  2018 ; Per capita,impact,Multiple actors,INNOVATION ACTIVITIES,218,124,242,130,67,238,,,,,,,
329,(M) TFP at constant national prices (2011=1) (Modified - Per capita),Penn World Tables 9.1 2020,NGA,Nigeria,Project,0.011003246,2017,25,Latest Value  2017 ; Per capita,impact,State Institutions,GOVERNANCE AND INSTITUTIONAL DEVELOPMENT,227,50,260,63,188,158,,,,,,,
804,(M) Exports of design and creative services goods (Modified - Per capita),UN-CLTT,NGA,Nigeria,Project,9.40469E-07,2014,21,Latest Value  2014 ; Per capita,impact,Brokers and suppliers,SCIENCE AND TECHNOLOGY OUTPUTS,247,171,209,200,85,156,,,,,,,
7141,Annual growth rate of real GDP per employed person (%),UN-SDGs,NGA,Nigeria,Project,-0.4,2019,40,Latest Value  2019,impact,State Institutions,GOVERNANCE AND INSTITUTIONAL DEVELOPMENT,253,8,252,15,137,226,,,,,,,
7201,"(M) Death rate due to road traffic injuries (per 100,000 population) (Modified - Inverse value)",UN-SDGs,NGA,Nigeria,Project,-21.4,2016,7,Latest Value  2016 ; Inverse value,impact,State Institutions,INFRASTRUCTURE,25,131,182,70,78,188,,,,,,,
7296,(M) Maternal mortality ratio (Modified - Inverse value),UN-SDGs,NGA,Nigeria,Project,-917,2017,51,Latest Value  2017 ; Inverse value,impact,State Institutions,HUMAN AND SUSTAINABLE DEVELOPMENT,136,43,218,49,229,6,,,,,,,
7397,(M) Prevalence of undernourishment (%) (Modified - Inverse value),UN-SDGs,NGA,Nigeria,Project,-12.6,2018,16,Latest Value  2018 ; Inverse value,impact,State Institutions,HUMAN AND SUSTAINABLE DEVELOPMENT,121,64,36,84,109,45,,,,,,,
7444,Proportion of medium and high-tech industry value added in total value added (%),UN-SDGs,NGA,Nigeria,Project,33.44,2017,1,Latest Value  2017,impact,Firms in the formal sector,INNOVATION OUTPUTS,158,104,75,131,90,47,,,,,,,
7462,"(M) Proportion of population practicing open defecation, by urban/rural (%) (Modified - Inverse value)",UN-SDGs,NGA,Nigeria,Project,-30.57971,2017,29,Latest Value  2017 ; Inverse value,impact,State Institutions,HUMAN AND SUSTAINABLE DEVELOPMENT,163,45,47,51,169,127,,,,,,,
7492,Proportion of the target population with access to 3 doses of diphtheria-tetanus-pertussis (DTP3) (%),UN-SDGs,NGA,Nigeria,Project,57,2018,48,Latest Value  2018,impact,State Institutions,HUMAN AND SUSTAINABLE DEVELOPMENT,45,27,230,30,108,57,,,,,,,
7561,"(M) Tuberculosis incidence (per 100,000 population) (Modified - Inverse value)",UN-SDGs,NGA,Nigeria,Project,-219,2018,34,Latest Value  2018 ; Inverse value,impact,State Institutions,HUMAN AND SUSTAINABLE DEVELOPMENT,172,30,224,29,104,36,,,,,,,
7656,"Agriculture, forestry, and fishing, value added (% of GDP)",WDI 2020,NGA,Nigeria,Project,21.9063,2019,21,Latest Value  2019,impact,Firms in the formal sector,JOB AND PRODUCT MARKET,145,22,149,25,,,,,,,,,
7733,"(M) Charges for the use of intellectual property, payments (BoP, current US$) (Modified - Per capita)",WDI 2020,NGA,Nigeria,Project,1.258138296,2018,14,Latest Value  2018 ; Per capita,impact,Multiple actors,SCIENCE AND TECHNOLOGY OUTPUTS,250,66,259,79,87,200,,,,,,,
7948,Employment in agriculture (% of total employment) (modeled ILO estimate),WDI 2020,NGA,Nigeria,Project,35.098,2019,33,Latest Value  2019,impact,Brokers and suppliers,JOB AND PRODUCT MARKET,98,3,82,7,187,210,,,,,,,
7954,Employment in services (% of total employment) (modeled ILO estimate),WDI 2020,NGA,Nigeria,Project,52.669,2019,15,Latest Value  2019,impact,Firms in the formal sector,JOB AND PRODUCT MARKET,80,2,21,12,198,215,,,,,,,
7961,"Employment to population ratio, 15+, total (%) (modeled ILO estimate)",WDI 2020,NGA,Nigeria,Project,48.623,2019,39,Latest Value  2019,impact,Brokers and suppliers,JOB AND PRODUCT MARKET,50,7,30,9,199,191,,,,,,,
7984,Exports of goods and services (% of GDP),WDI 2020,NGA,Nigeria,Project,15.49689,2018,45,Latest Value  2018,impact,Brokers and suppliers,JOB AND PRODUCT MARKET,137,24,229,23,84,92,,,,,,,
8144,High-technology exports (% of manufactured exports),WDI 2020,NGA,Nigeria,Project,1.853998,2018,28,Latest Value  2018,impact,Brokers and suppliers,SCIENCE AND TECHNOLOGY OUTPUTS,228,88,226,76,86,97,,,,,,,
8170,"ICT service exports (% of service exports, BoP)",WDI 2020,NGA,Nigeria,Project,5.756224,2017,21,Latest Value  2017,impact,Brokers and suppliers,SCIENCE AND TECHNOLOGY OUTPUTS,202,63,250,80,75,165,,,,,,,
8262,"Labor force participation rate, total (% of total population ages 15+) (modeled ILO estimate)",WDI 2020,NGA,Nigeria,Project,52.907,2019,41,Latest Value  2019,impact,Firms in the formal sector,JOB AND PRODUCT MARKET,28,5,32,10,231,3,,,,,,,
8316,"Manufacturing, value added (% of GDP)",WDI 2020,NGA,Nigeria,Project,11.52236,2019,18,Latest Value  2019,impact,Firms in the formal sector,INNOVATION OUTPUTS,125,37,216,40,133,76,,,,,,,
8327,Medium and high-tech exports (% manufactured exports),WDI 2020,NGA,Nigeria,Project,24.87942,2017,11,Latest Value  2017,impact,Brokers and suppliers,SCIENCE AND TECHNOLOGY OUTPUTS,175,102,210,133,81,106,,,,,,,
8328,Medium and high-tech Industry (including construction) (% manufacturing value added),WDI 2020,NGA,Nigeria,Project,33.43626,2017,1,Latest Value  2017,impact,Firms in the formal sector,INNOVATION OUTPUTS,159,101,16,134,92,33,,,,,,,
8501,"New business density (new registrations per 1,000 people ages 15-64)",WDI 2020,NGA,Nigeria,Project,0.8253733,2018,18,Latest Value  2018,impact,Firms in the formal sector,JOB AND PRODUCT MARKET,223,99,246,85,167,208,,,,,,,
8545,People using at least basic drinking water services (% of population),WDI 2020,NGA,Nigeria,Project,71.37663,2017,23,Latest Value  2017,impact,State Institutions,HUMAN AND SUSTAINABLE DEVELOPMENT,53,44,93,50,189,150,,,,,,,
8817,"Self-employed, total (% of total employment) (modeled ILO estimate)",WDI 2020,NGA,Nigeria,Project,81.448,2019,20,Latest Value  2019,impact,Brokers and suppliers,JOB AND PRODUCT MARKET,73,6,69,8,180,190,,,,,,,
8820,"Services, value added (% of GDP)",WDI 2020,NGA,Nigeria,Project,49.73022,2019,23,Latest Value  2019,impact,Firms in the formal sector,SCIENCE AND TECHNOLOGY OUTPUTS,46,23,174,27,135,83,,,,,,,
8978,"(M) Unemployment, total (% of total labor force) (modeled ILO estimate) (Modified - Inverse value)",WDI 2020,NGA,Nigeria,Project,-8.096,2019,32,Latest Value  2019 ; Inverse value,impact,Brokers and suppliers,JOB AND PRODUCT MARKET,162,4,227,18,196,222,,,,,,,
7476,Proportion of population with primary reliance on clean fuels and technology (%),UN-SDGs,NGA,Nigeria,Project,10,2018,20,Latest Value  2018,impact,State Institutions,HUMAN AND SUSTAINABLE DEVELOPMENT,153,121,84,145,170,195,,,,,,,
7142,"(M) Annual mean levels of fine particulate matter in cities, urban population (micrograms per cubic meter) (Modified - Inverse value)",UN-SDGs,NGA,Nigeria,Project,-48.72702,2016,47,Latest Value  2016 ; Inverse value,impact,State Institutions,HUMAN AND SUSTAINABLE DEVELOPMENT,83,180,137,71,184,205,,,,,,,
47,Availability of scientists and engineers - 1-7 Best,GCI 2007 - 2019,NGA,Nigeria,Project,3.795816,2017,10,Latest Value  2017,input,"Science, technology, and R&D organisations and personnel",JOB AND PRODUCT MARKET,15,74,133,98,93,7,,,,,,,
83,Company spending on Research & Development - 1-7 Best,GCI 2007 - 2019,NGA,Nigeria,Project,2.851185,2017,26,Latest Value  2017,input,Financial organisations and venture capitalists,EXPENDITURE ON STA,16,69,154,115,122,166,,,,,,,
140,Government procurement of advanced tech products - 1-7 Best,GCI 2007 - 2019,NGA,Nigeria,Project,2.929154,2017,31,Latest Value  2017,input,State Institutions,EXPENDITURE ON STA,12,72,163,99,117,164,,,,,,,
5315,Percentage of innovation-active firms in manufacturing (total size classes),UN-Inno,NGA,Nigeria,Project,64.97623,2010,3,Latest Value  2010,input,Firms in the formal sector,INNOVATION ACTIVITIES,90,246,7,253,25,53,,,,,,,
8534,"(M) Over-age students, primary (% of enrollment) (Modified - Inverse value)",WDI 2020,NGA,Nigeria,Project,-16.23159,2010,30,Latest Value  2010 ; Inverse value,input,Education and training organisations,EDUCATION AND TRAINING,116,103,160,73,195,142,,,,,,,
8900,"Tertiary education, academic staff (% female)",WDI 2020,NGA,Nigeria,Project,27.46846,2011,18,Latest Value  2011,input,Education and training organisations,EDUCATION AND TRAINING,126,129,22,127,197,194,,,,,,,
8204,"(M) Industrial design applications, nonresident, by count (Modified - Per capita)",WDI 2020,NGA,Nigeria,Project,1.29377E-07,2018,17,Latest Value  2018 ; Per capita,input,Multiple actors,INNOVATION ACTIVITIES,206,148,88,189,71,242,,,,,,,
8540,"(M) Patent applications, nonresidents (Modified - Per capita)",WDI 2020,NGA,Nigeria,Project,1.08477E-06,2018,17,Latest Value  2018 ; Per capita,input,Multiple actors,INNOVATION ACTIVITIES,243,132,219,158,68,239,,,,,,,
8541,"(M) Patent applications, residents (Modified - Per capita)",WDI 2020,NGA,Nigeria,Project,5.97123E-07,2018,16,Latest Value  2018 ; Per capita,input,Multiple actors,INNOVATION ACTIVITIES,222,137,222,163,72,237,,,,,,,
186,(M) Patent Cooperation Treaty patents applications - million pop (Modified - Per capita),GCI 2007 - 2019,NGA,Nigeria,Project,1.12048E-10,2017,28,Latest Value  2017 ; Per capita,input,Multiple actors,INNOVATION ACTIVITIES,252,116,243,106,69,231,,,,,,,
8026,Firms that spend on R&D (% of firms),WDI 2020,NGA,Nigeria,Project,13.8,2014,19,Latest Value  2014,input,Firms in the formal sector,INNOVATION ACTIVITIES,130,198,111,150,192,124,,,,,,,
9145,Percent of firms that introduced a new product/service,WEF Enterprise Survey,NGA,Nigeria,Project,52.7,2014,7,Latest Value  2014,input,Firms in the formal sector,INNOVATION ACTIVITIES,85,203,59,153,23,23,,,,,,,
9147,Percent of firms that spend on R&D,WEF Enterprise Survey,NGA,Nigeria,Project,13.8,2014,17,Latest Value  2014,input,Firms in the formal sector,INNOVATION ACTIVITIES,119,204,116,155,182,94,,,,,,,
130,FDI and technology transfer - 1-7 Best,GCI 2007 - 2019,NGA,Nigeria,Project,4.178301,2017,16,Latest Value  2017,linkages,Brokers and suppliers,KNOWLEDGE FLOWS,8,68,126,102,238,41,,,,,,,
279,University-industry collaboration in Research & Development - 1-7 Best,GCI 2007 - 2019,NGA,Nigeria,Project,2.51586,2017,37,Latest Value  2017,linkages,Multiple actors,KNOWLEDGE FLOWS,21,76,190,113,2,50,,,,,,,
5412,Percentage of manufacturing firms for which clients or customers were a highly important source of information,UN-Inno,NGA,Nigeria,Project,51.70732,2010,5,Latest Value  2010,linkages,Firms in the formal sector,KNOWLEDGE FLOWS,81,237,148,236,8,101,,,,,,,
5413,Percentage of manufacturing firms for which competitors or other enterprises in their sector were a highly important source of information,UN-Inno,NGA,Nigeria,Project,30,2010,2,Latest Value  2010,linkages,Firms in the formal sector,KNOWLEDGE FLOWS,139,241,109,243,5,177,,,,,,,
5414,"Percentage of manufacturing firms for which conferences, trade fairs, exhibitions were a highly important source of information",UN-Inno,NGA,Nigeria,Project,11.46341,2010,7,Latest Value  2010,linkages,Firms in the formal sector,KNOWLEDGE FLOWS,151,233,106,241,10,155,,,,,,,
5415,"Percentage of manufacturing firms for which consultants, commercial laboratories or private R&D institutes were a highly important source of information",UN-Inno,NGA,Nigeria,Project,14.63415,2010,4,Latest Value  2010,linkages,Firms in the formal sector,KNOWLEDGE FLOWS,174,243,101,244,6,160,,,,,,,
5416,Percentage of manufacturing firms for which professional and industry associations were a highly important source of information,UN-Inno,NGA,Nigeria,Project,20.2439,2010,3,Latest Value  2010,linkages,Firms in the formal sector,KNOWLEDGE FLOWS,181,240,97,235,7,107,,,,,,,
5417,Percentage of manufacturing firms for which scientific journals and trade/technical publications were a highly important source of information,UN-Inno,NGA,Nigeria,Project,7.07317,2010,6,Latest Value  2010,linkages,Firms in the formal sector,KNOWLEDGE FLOWS,184,242,134,245,4,96,,,,,,,
5418,"Percentage of manufacturing firms for which suppliers of equipment, materials, components or software were a highly important source of information",UN-Inno,NGA,Nigeria,Project,39.26829,2010,3,Latest Value  2010,linkages,Firms in the formal sector,KNOWLEDGE FLOWS,89,232,108,237,9,170,,,,,,,
5419,Percentage of manufacturing firms for which the enterprise or enterprise group was a highly important source of information,UN-Inno,NGA,Nigeria,Project,51.70732,2010,6,Latest Value  2010,linkages,Firms in the formal sector,KNOWLEDGE FLOWS,36,244,138,250,11,172,,,,,,,
5420,Percentage of manufacturing firms for which the Government or public research institutes were a highly important source of information,UN-Inno,NGA,Nigeria,Project,4.14634,2010,6,Latest Value  2010,linkages,Firms in the formal sector,KNOWLEDGE FLOWS,192,238,110,242,3,102,,,,,,,
7543,(M) Total official development assistance (gross disbursement) for technical cooperation (millions of 2018 United States dollars) (Modified - Per capita),UN-SDGs,NGA,Nigeria,Project,1.68129E-06,2018,49,Latest Value  2018 ; Per capita,linkages,Brokers and suppliers,KNOWLEDGE FLOWS,201,29,245,35,114,209,,,,,,,
7547,"(M) Total official development assistance to medical research and basic heath sectors, gross disbursement, by recipient countries (millions of constant 2018 United States dollars) (Modified - Per capita)",UN-SDGs,NGA,Nigeria,Project,2.36592E-06,2018,43,Latest Value  2018 ; Per capita,linkages,Brokers and suppliers,KNOWLEDGE FLOWS,205,32,244,34,113,201,,,,,,,
4,12th pillar Innovation - Value,GCI 2007 - 2019,NGA,Nigeria,Project,2.849102,2017,27,Latest Value  2017,output,Firms in the formal sector,INNOVATION OUTPUTS,6,87,121,116,,,,,,,,,
81,Capacity for innovation - 1-7 Best,GCI 2007 - 2019,NGA,Nigeria,Project,3.938064,2017,14,Latest Value  2017,output,Multiple actors,INNOVATION OUTPUTS,43,75,122,109,76,56,,,,,,,
138,Global Competitiveness Index - Rank,GCI 2007 - 2019,NGA,Nigeria,Project,125,2017,13,Latest Value  2017,output,Firms in the formal sector,INNOVATION OUTPUTS,49,70,156,103,94,135,,,,,,,
5239,(M) Total number of national feature films produced (Modified - Per capita),UN-films,NGA,Nigeria,Project,4.9611E-06,2011,2,Latest Value  2011 ; Per capita,output,Firms in the formal sector,CREATIVE OUTPUTS,251,151,132,195,219,111,,,,,,,
5432,Percentage of manufacturing firms that engaged in in-house R&D,UN-Inno,NGA,Nigeria,Project,48.78049,2010,5,Latest Value  2010,output,Firms in the formal sector,INNOVATION OUTPUTS,60,231,2,233,97,70,,,,,,,
5644,Percentage of process innovators in manufacturing (total size classes),UN-Inno,NGA,Nigeria,Project,58.63708,2010,2,Latest Value  2010,output,Firms in the formal sector,INNOVATION OUTPUTS,93,245,56,246,14,65,,,,,,,
5794,Percentage of product innovators in manufacturing (total size classes),UN-Inno,NGA,Nigeria,Project,50.07924,2010,4,Latest Value  2010,output,Firms in the formal sector,INNOVATION OUTPUTS,96,239,39,239,19,21,,,,,,,
8800,(M) Scientific and technical journal articles (Modified - Per capita),WDI 2020,NGA,Nigeria,Project,2.78771E-05,2018,14,Latest Value  2018 ; Per capita,output,"Science, technology, and R&D organisations and personnel",SCIENCE AND TECHNOLOGY OUTPUTS,244,26,261,33,55,204,,,,,,,
8937,"(M) Trademark applications, resident, by count (Modified - Per capita)",WDI 2020,NGA,Nigeria,Project,9.61965E-05,2013,11,Latest Value  2013 ; Per capita,output,Firms in the formal sector,INNOVATION ACTIVITIES,226,130,237,147,66,232,,,,,,,
10000,(M) Global Innovation Index rank (Modified - Inverse value),GII 2013-2020,NGA,Nigeria,Project,-114,2019,22,Latest Value  2019 ; Inverse value,output,Multiple actors,INNOVATION OUTPUTS,37,115,177,82,,,,,,,,,
9146,Percent of firms that introduced a process innovation,WEF Enterprise Survey,NGA,Nigeria,Project,62.9,2014,7,Latest Value  2014,output,Firms in the formal sector,INNOVATION OUTPUTS,147,202,87,151,18,51,,,,,,,
9155,Percent of firms whose new product/service is also new to the main market,WEF Enterprise Survey,NGA,Nigeria,Project,68.6,2014,19,Latest Value  2014,output,Firms in the formal sector,INNOVATION OUTPUTS,24,201,61,154,15,55,,,,,,,
,,,,,,,,,,,,,,,,,,,,,,,,,
,,,,,,,,,,,,,,,,,,,,,,,,,
,,,,,,,,,,,,,,,,,,,,,,,,,
,,,,,,,,,,,,,,,,,,,,,,,,,
,,,,,,,,,,,,,,,,,,,,,,,,,
,,,,,,,,,,,,,,,,,,,,,,,,,
,,,,,,,,,,,,,,,,,,,,,,,,,
,,,,,,,,,,,,,,,,,,,,,,,,,
,,,,,,,,,,,,,,,,,,,,,,,,,
,,,,,,,,,,,,,,,,,,,,,,,,,
,,,,,,,,,,,,,,,,,,,,,,,,,
,,,,,,,,,,,,,,,,,,,,,,,,,
,,,,,,,,,,,,,,,,,,,,,,,,,
,,,,,,,,,,,,,,,,,,,,,,,,,
,,,,,,,,,,,,,,,,,,,,,,,,,
,,,,,,,,,,,,,,,,,,,,,,,,,
,,,,,,,,,,,,,,,,,,,,,,,,,
,,,,,,,,,,,,,,,,,,,,,,,,,
,,,,,,,,,,,,,,,,,,,,,,,,,
,,,,,,,,,,,,,,,,,,,,,,,,,
,,,,,,,,,,,,,,,,,,,,,,,,,
,,,,,,,,,,,,,,,,,,,,,,,,,
,,,,,,,,,,,,,,,,,,,,,,,,,
,,,,,,,,,,,,,,,,,,,,,,,,,
,,,,,,,,,,,,,,,,,,,,,,,,,
,,,,,,,,,,,,,,,,,,,,,,,,,
,,,,,,,,,,,,,,,,,,,,,,,,,
,,,,,,,,,,,,,,,,,,,,,,,,,
,,,,,,,,,,,,,,,,,,,,,,,,,
,,,,,,,,,,,,,,,,,,,,,,,,,
,,,,,,,,,,,,,,,,,,,,,,,,,
,,,,,,,,,,,,,,,,,,,,,,,,,
,,,,,,,,,,,,,,,,,,,,,,,,,
,,,,,,,,,,,,,,,,,,,,,,,,,
,,,,,,,,,,,,,,,,,,,,,,,,,
,,,,,,,,,,,,,,,,,,,,,,,,,
,,,,,,,,,,,,,,,,,,,,,,,,,
,,,,,,,,,,,,,,,,,,,,,,,,,
,,,,,,,,,,,,,,,,,,,,,,,,,
,,,,,,,,,,,,,,,,,,,,,,,,,
,,,,,,,,,,,,,,,,,,,,,,,,,
,,,,,,,,,,,,,,,,,,,,,,,,,
,,,,,,,,,,,,,,,,,,,,,,,,,
,,,,,,,,,,,,,,,,,,,,,,,,,
,,,,,,,,,,,,,,,,,,,,,,,,,
,,,,,,,,,,,,,,,,,,,,,,,,,
,,,,,,,,,,,,,,,,,,,,,,,,,
,,,,,,,,,,,,,,,,,,,,,,,,,
,,,,,,,,,,,,,,,,,,,,,,,,,
,,,,,,,,,,,,,,,,,,,,,,,,,
,,,,,,,,,,,,,,,,,,,,,,,,,
,,,,,,,,,,,,,,,,,,,,,,,,,
,,,,,,,,,,,,,,,,,,,,,,,,,
,,,,,,,,,,,,,,,,,,,,,,,,,
,,,,,,,,,,,,,,,,,,,,,,,,,
,,,,,,,,,,,,,,,,,,,,,,,,,
,,,,,,,,,,,,,,,,,,,,,,,,,
,,,,,,,,,,,,,,,,,,,,,,,,,
,,,,,,,,,,,,,,,,,,,,,,,,,
,,,,,,,,,,,,,,,,,,,,,,,,,
,,,,,,,,,,,,,,,,,,,,,,,,,
,,,,,,,,,,,,,,,,,,,,,,,,,
,,,,,,,,,,,,,,,,,,,,,,,,,
,,,,,,,,,,,,,,,,,,,,,,,,,
,,,,,,,,,,,,,,,,,,,,,,,,,
,,,,,,,,,,,,,,,,,,,,,,,,,
,,,,,,,,,,,,,,,,,,,,,,,,,
,,,,,,,,,,,,,,,,,,,,,,,,,
,,,,,,,,,,,,,,,,,,,,,,,,,
,,,,,,,,,,,,,,,,,,,,,,,,,
,,,,,,,,,,,,,,,,,,,,,,,,,
,,,,,,,,,,,,,,,,,,,,,,,,,
,,,,,,,,,,,,,,,,,,,,,,,,,
,,,,,,,,,,,,,,,,,,,,,,,,,
,,,,,,,,,,,,,,,,,,,,,,,,,
,,,,,,,,,,,,,,,,,,,,,,,,,
,,,,,,,,,,,,,,,,,,,,,,,,,
,,,,,,,,,,,,,,,,,,,,,,,,,
,,,,,,,,,,,,,,,,,,,,,,,,,
,,,,,,,,,,,,,,,,,,,,,,,,,
,,,,,,,,,,,,,,,,,,,,,,,,,
,,,,,,,,,,,,,,,,,,,,,,,,,
,,,,,,,,,,,,,,,,,,,,,,,,,
,,,,,,,,,,,,,,,,,,,,,,,,,
,,,,,,,,,,,,,,,,,,,,,,,,,
,,,,,,,,,,,,,,,,,,,,,,,,,
,,,,,,,,,,,,,,,,,,,,,,,,,
,,,,,,,,,,,,,,,,,,,,,,,,,
,,,,,,,,,,,,,,,,,,,,,,,,,
,,,,,,,,,,,,,,,,,,,,,,,,,
,,,,,,,,,,,,,,,,,,,,,,,,,
,,,,,,,,,,,,,,,,,,,,,,,,,
,,,,,,,,,,,,,,,,,,,,,,,,,
,,,,,,,,,,,,,,,,,,,,,,,,,
,,,,,,,,,,,,,,,,,,,,,,,,,
,,,,,,,,,,,,,,,,,,,,,,,,,
,,,,,,,,,,,,,,,,,,,,,,,,,
,,,,,,,,,,,,,,,,,,,,,,,,,
,,,,,,,,,,,,,,,,,,,,,,,,,
,,,,,,,,,,,,,,,,,,,,,,,,,
,,,,,,,,,,,,,,,,,,,,,,,,,
,,,,,,,,,,,,,,,,,,,,,,,,,
,,,,,,,,,,,,,,,,,,,,,,,,,
,,,,,,,,,,,,,,,,,,,,,,,,,
,,,,,,,,,,,,,,,,,,,,,,,,,
,,,,,,,,,,,,,,,,,,,,,,,,,
,,,,,,,,,,,,,,,,,,,,,,,,,
,,,,,,,,,,,,,,,,,,,,,,,,,
,,,,,,,,,,,,,,,,,,,,,,,,,
,,,,,,,,,,,,,,,,,,,,,,,,,
,,,,,,,,,,,,,,,,,,,,,,,,,
,,,,,,,,,,,,,,,,,,,,,,,,,
,,,,,,,,,,,,,,,,,,,,,,,,,
,,,,,,,,,,,,,,,,,,,,,,,,,
,,,,,,,,,,,,,,,,,,,,,,,,,
,,,,,,,,,,,,,,,,,,,,,,,,,
,,,,,,,,,,,,,,,,,,,,,,,,,
,,,,,,,,,,,,,,,,,,,,,,,,,
,,,,,,,,,,,,,,,,,,,,,,,,,
,,,,,,,,,,,,,,,,,,,,,,,,,
,,,,,,,,,,,,,,,,,,,,,,,,,
,,,,,,,,,,,,,,,,,,,,,,,,,
,,,,,,,,,,,,,,,,,,,,,,,,,
,,,,,,,,,,,,,,,,,,,,,,,,,
,,,,,,,,,,,,,,,,,,,,,,,,,
,,,,,,,,,,,,,,,,,,,,,,,,,
,,,,,,,,,,,,,,,,,,,,,,,,,
,,,,,,,,,,,,,,,,,,,,,,,,,
,,,,,,,,,,,,,,,,,,,,,,,,,
,,,,,,,,,,,,,,,,,,,,,,,,,
,,,,,,,,,,,,,,,,,,,,,,,,,
,,,,,,,,,,,,,,,,,,,,,,,,,
,,,,,,,,,,,,,,,,,,,,,,,,,
,,,,,,,,,,,,,,,,,,,,,,,,,
,,,,,,,,,,,,,,,,,,,,,,,,,
,,,,,,,,,,,,,,,,,,,,,,,,,
,,,,,,,,,,,,,,,,,,,,,,,,,
,,,,,,,,,,,,,,,,,,,,,,,,,
,,,,,,,,,,,,,,,,,,,,,,,,,
,,,,,,,,,,,,,,,,,,,,,,,,,
,,,,,,,,,,,,,,,,,,,,,,,,,
,,,,,,,,,,,,,,,,,,,,,,,,,
,,,,,,,,,,,,,,,,,,,,,,,,,
,,,,,,,,,,,,,,,,,,,,,,,,,
,,,,,,,,,,,,,,,,,,,,,,,,,
,,,,,,,,,,,,,,,,,,,,,,,,,
,,,,,,,,,,,,,,,,,,,,,,,,,
,,,,,,,,,,,,,,,,,,,,,,,,,
,,,,,,,,,,,,,,,,,,,,,,,,,
,,,,,,,,,,,,,,,,,,,,,,,,,
,,,,,,,,,,,,,,,,,,,,,,,,,
,,,,,,,,,,,,,,,,,,,,,,,,,
,,,,,,,,,,,,,,,,,,,,,,,,,
,,,,,,,,,,,,,,,,,,,,,,,,,
,,,,,,,,,,,,,,,,,,,,,,,,,
,,,,,,,,,,,,,,,,,,,,,,,,,
,,,,,,,,,,,,,,,,,,,,,,,,,
,,,,,,,,,,,,,,,,,,,,,,,,,
,,,,,,,,,,,,,,,,,,,,,,,,,
,,,,,,,,,,,,,,,,,,,,,,,,,
,,,,,,,,,,,,,,,,,,,,,,,,,
,,,,,,,,,,,,,,,,,,,,,,,,,
,,,,,,,,,,,,,,,,,,,,,,,,,
,,,,,,,,,,,,,,,,,,,,,,,,,
,,,,,,,,,,,,,,,,,,,,,,,,,
,,,,,,,,,,,,,,,,,,,,,,,,,
,,,,,,,,,,,,,,,,,,,,,,,,,
,,,,,,,,,,,,,,,,,,,,,,,,,
,,,,,,,,,,,,,,,,,,,,,,,,,
,,,,,,,,,,,,,,,,,,,,,,,,,
,,,,,,,,,,,,,,,,,,,,,,,,,
,,,,,,,,,,,,,,,,,,,,,,,,,
,,,,,,,,,,,,,,,,,,,,,,,,,
,,,,,,,,,,,,,,,,,,,,,,,,,
,,,,,,,,,,,,,,,,,,,,,,,,,
,,,,,,,,,,,,,,,,,,,,,,,,,
,,,,,,,,,,,,,,,,,,,,,,,,,
,,,,,,,,,,,,,,,,,,,,,,,,,
,,,,,,,,,,,,,,,,,,,,,,,,,
,,,,,,,,,,,,,,,,,,,,,,,,,
,,,,,,,,,,,,,,,,,,,,,,,,,
,,,,,,,,,,,,,,,,,,,,,,,,,
,,,,,,,,,,,,,,,,,,,,,,,,,
,,,,,,,,,,,,,,,,,,,,,,,,,
,,,,,,,,,,,,,,,,,,,,,,,,,
,,,,,,,,,,,,,,,,,,,,,,,,,
,,,,,,,,,,,,,,,,,,,,,,,,,
,,,,,,,,,,,,,,,,,,,,,,,,,
,,,,,,,,,,,,,,,,,,,,,,,,,
,,,,,,,,,,,,,,,,,,,,,,,,,
,,,,,,,,,,,,,,,,,,,,,,,,,
,,,,,,,,,,,,,,,,,,,,,,,,,
,,,,,,,,,,,,,,,,,,,,,,,,,
,,,,,,,,,,,,,,,,,,,,,,,,,
,,,,,,,,,,,,,,,,,,,,,,,,,
,,,,,,,,,,,,,,,,,,,,,,,,,
,,,,,,,,,,,,,,,,,,,,,,,,,
,,,,,,,,,,,,,,,,,,,,,,,,,
,,,,,,,,,,,,,,,,,,,,,,,,,
,,,,,,,,,,,,,,,,,,,,,,,,,
,,,,,,,,,,,,,,,,,,,,,,,,,
,,,,,,,,,,,,,,,,,,,,,,,,,
,,,,,,,,,,,,,,,,,,,,,,,,,
,,,,,,,,,,,,,,,,,,,,,,,,,
,,,,,,,,,,,,,,,,,,,,,,,,,
,,,,,,,,,,,,,,,,,,,,,,,,,
,,,,,,,,,,,,,,,,,,,,,,,,,
,,,,,,,,,,,,,,,,,,,,,,,,,
,,,,,,,,,,,,,,,,,,,,,,,,,
,,,,,,,,,,,,,,,,,,,,,,,,,
,,,,,,,,,,,,,,,,,,,,,,,,,
,,,,,,,,,,,,,,,,,,,,,,,,,
,,,,,,,,,,,,,,,,,,,,,,,,,
,,,,,,,,,,,,,,,,,,,,,,,,,
,,,,,,,,,,,,,,,,,,,,,,,,,
,,,,,,,,,,,,,,,,,,,,,,,,,
,,,,,,,,,,,,,,,,,,,,,,,,,
,,,,,,,,,,,,,,,,,,,,,,,,,
,,,,,,,,,,,,,,,,,,,,,,,,,
,,,,,,,,,,,,,,,,,,,,,,,,,
,,,,,,,,,,,,,,,,,,,,,,,,,
,,,,,,,,,,,,,,,,,,,,,,,,,
,,,,,,,,,,,,,,,,,,,,,,,,,
,,,,,,,,,,,,,,,,,,,,,,,,,
,,,,,,,,,,,,,,,,,,,,,,,,,
,,,,,,,,,,,,,,,,,,,,,,,,,
,,,,,,,,,,,,,,,,,,,,,,,,,
,,,,,,,,,,,,,,,,,,,,,,,,,
,,,,,,,,,,,,,,,,,,,,,,,,,
,,,,,,,,,,,,,,,,,,,,,,,,,
,,,,,,,,,,,,,,,,,,,,,,,,,
,,,,,,,,,,,,,,,,,,,,,,,,,
,,,,,,,,,,,,,,,,,,,,,,,,,
,,,,,,,,,,,,,,,,,,,,,,,,,
,,,,,,,,,,,,,,,,,,,,,,,,,
,,,,,,,,,,,,,,,,,,,,,,,,,
,,,,,,,,,,,,,,,,,,,,,,,,,
,,,,,,,,,,,,,,,,,,,,,,,,,
,,,,,,,,,,,,,,,,,,,,,,,,,
,,,,,,,,,,,,,,,,,,,,,,,,,
,,,,,,,,,,,,,,,,,,,,,,,,,
,,,,,,,,,,,,,,,,,,,,,,,,,
,,,,,,,,,,,,,,,,,,,,,,,,,
,,,,,,,,,,,,,,,,,,,,,,,,,
,,,,,,,,,,,,,,,,,,,,,,,,,
,,,,,,,,,,,,,,,,,,,,,,,,,
,,,,,,,,,,,,,,,,,,,,,,,,,
,,,,,,,,,,,,,,,,,,,,,,,,,
,,,,,,,,,,,,,,,,,,,,,,,,,
,,,,,,,,,,,,,,,,,,,,,,,,,
,,,,,,,,,,,,,,,,,,,,,,,,,
,,,,,,,,,,,,,,,,,,,,,,,,,
,,,,,,,,,,,,,,,,,,,,,,,,,
,,,,,,,,,,,,,,,,,,,,,,,,,
,,,,,,,,,,,,,,,,,,,,,,,,,
,,,,,,,,,,,,,,,,,,,,,,,,,
,,,,,,,,,,,,,,,,,,,,,,,,,
,,,,,,,,,,,,,,,,,,,,,,,,,
,,,,,,,,,,,,,,,,,,,,,,,,,
,,,,,,,,,,,,,,,,,,,,,,,,,
,,,,,,,,,,,,,,,,,,,,,,,,,
,,,,,,,,,,,,,,,,,,,,,,,,,
,,,,,,,,,,,,,,,,,,,,,,,,,
,,,,,,,,,,,,,,,,,,,,,,,,,
,,,,,,,,,,,,,,,,,,,,,,,,,
,,,,,,,,,,,,,,,,,,,,,,,,,
,,,,,,,,,,,,,,,,,,,,,,,,,
,,,,,,,,,,,,,,,,,,,,,,,,,
,,,,,,,,,,,,,,,,,,,,,,,,,
,,,,,,,,,,,,,,,,,,,,,,,,,
,,,,,,,,,,,,,,,,,,,,,,,,,
,,,,,,,,,,,,,,,,,,,,,,,,,
,,,,,,,,,,,,,,,,,,,,,,,,,
,,,,,,,,,,,,,,,,,,,,,,,,,
,,,,,,,,,,,,,,,,,,,,,,,,,
,,,,,,,,,,,,,,,,,,,,,,,,,
,,,,,,,,,,,,,,,,,,,,,,,,,
,,,,,,,,,,,,,,,,,,,,,,,,,
,,,,,,,,,,,,,,,,,,,,,,,,,
,,,,,,,,,,,,,,,,,,,,,,,,,
,,,,,,,,,,,,,,,,,,,,,,,,,
,,,,,,,,,,,,,,,,,,,,,,,,,
,,,,,,,,,,,,,,,,,,,,,,,,,
,,,,,,,,,,,,,,,,,,,,,,,,,
,,,,,,,,,,,,,,,,,,,,,,,,,
,,,,,,,,,,,,,,,,,,,,,,,,,
,,,,,,,,,,,,,,,,,,,,,,,,,
,,,,,,,,,,,,,,,,,,,,,,,,,
,,,,,,,,,,,,,,,,,,,,,,,,,
,,,,,,,,,,,,,,,,,,,,,,,,,
,,,,,,,,,,,,,,,,,,,,,,,,,
,,,,,,,,,,,,,,,,,,,,,,,,,
,,,,,,,,,,,,,,,,,,,,,,,,,
,,,,,,,,,,,,,,,,,,,,,,,,,
,,,,,,,,,,,,,,,,,,,,,,,,,
,,,,,,,,,,,,,,,,,,,,,,,,,
,,,,,,,,,,,,,,,,,,,,,,,,,
,,,,,,,,,,,,,,,,,,,,,,,,,
,,,,,,,,,,,,,,,,,,,,,,,,,
,,,,,,,,,,,,,,,,,,,,,,,,,
,,,,,,,,,,,,,,,,,,,,,,,,,
,,,,,,,,,,,,,,,,,,,,,,,,,
,,,,,,,,,,,,,,,,,,,,,,,,,
,,,,,,,,,,,,,,,,,,,,,,,,,
,,,,,,,,,,,,,,,,,,,,,,,,,
,,,,,,,,,,,,,,,,,,,,,,,,,
,,,,,,,,,,,,,,,,,,,,,,,,,
,,,,,,,,,,,,,,,,,,,,,,,,,
,,,,,,,,,,,,,,,,,,,,,,,,,
,,,,,,,,,,,,,,,,,,,,,,,,,
,,,,,,,,,,,,,,,,,,,,,,,,,
,,,,,,,,,,,,,,,,,,,,,,,,,
,,,,,,,,,,,,,,,,,,,,,,,,,
,,,,,,,,,,,,,,,,,,,,,,,,,
,,,,,,,,,,,,,,,,,,,,,,,,,
,,,,,,,,,,,,,,,,,,,,,,,,,
,,,,,,,,,,,,,,,,,,,,,,,,,
,,,,,,,,,,,,,,,,,,,,,,,,,
,,,,,,,,,,,,,,,,,,,,,,,,,
,,,,,,,,,,,,,,,,,,,,,,,,,
,,,,,,,,,,,,,,,,,,,,,,,,,
,,,,,,,,,,,,,,,,,,,,,,,,,
,,,,,,,,,,,,,,,,,,,,,,,,,
,,,,,,,,,,,,,,,,,,,,,,,,,
,,,,,,,,,,,,,,,,,,,,,,,,,
,,,,,,,,,,,,,,,,,,,,,,,,,
,,,,,,,,,,,,,,,,,,,,,,,,,
,,,,,,,,,,,,,,,,,,,,,,,,,
,,,,,,,,,,,,,,,,,,,,,,,,,
,,,,,,,,,,,,,,,,,,,,,,,,,
,,,,,,,,,,,,,,,,,,,,,,,,,
,,,,,,,,,,,,,,,,,,,,,,,,,
,,,,,,,,,,,,,,,,,,,,,,,,,
,,,,,,,,,,,,,,,,,,,,,,,,,
,,,,,,,,,,,,,,,,,,,,,,,,,
,,,,,,,,,,,,,,,,,,,,,,,,,
,,,,,,,,,,,,,,,,,,,,,,,,,
,,,,,,,,,,,,,,,,,,,,,,,,,
,,,,,,,,,,,,,,,,,,,,,,,,,
,,,,,,,,,,,,,,,,,,,,,,,,,
,,,,,,,,,,,,,,,,,,,,,,,,,
,,,,,,,,,,,,,,,,,,,,,,,,,
,,,,,,,,,,,,,,,,,,,,,,,,,
,,,,,,,,,,,,,,,,,,,,,,,,,
,,,,,,,,,,,,,,,,,,,,,,,,,
,,,,,,,,,,,,,,,,,,,,,,,,,
,,,,,,,,,,,,,,,,,,,,,,,,,
,,,,,,,,,,,,,,,,,,,,,,,,,
,,,,,,,,,,,,,,,,,,,,,,,,,
,,,,,,,,,,,,,,,,,,,,,,,,,
,,,,,,,,,,,,,,,,,,,,,,,,,
,,,,,,,,,,,,,,,,,,,,,,,,,
,,,,,,,,,,,,,,,,,,,,,,,,,
,,,,,,,,,,,,,,,,,,,,,,,,,
,,,,,,,,,,,,,,,,,,,,,,,,,
,,,,,,,,,,,,,,,,,,,,,,,,,
,,,,,,,,,,,,,,,,,,,,,,,,,
,,,,,,,,,,,,,,,,,,,,,,,,,
,,,,,,,,,,,,,,,,,,,,,,,,,
,,,,,,,,,,,,,,,,,,,,,,,,,
,,,,,,,,,,,,,,,,,,,,,,,,,
,,,,,,,,,,,,,,,,,,,,,,,,,
,,,,,,,,,,,,,,,,,,,,,,,,,
,,,,,,,,,,,,,,,,,,,,,,,,,
,,,,,,,,,,,,,,,,,,,,,,,,,
,,,,,,,,,,,,,,,,,,,,,,,,,
,,,,,,,,,,,,,,,,,,,,,,,,,
,,,,,,,,,,,,,,,,,,,,,,,,,
,,,,,,,,,,,,,,,,,,,,,,,,,
,,,,,,,,,,,,,,,,,,,,,,,,,
,,,,,,,,,,,,,,,,,,,,,,,,,
,,,,,,,,,,,,,,,,,,,,,,,,,
,,,,,,,,,,,,,,,,,,,,,,,,,
,,,,,,,,,,,,,,,,,,,,,,,,,
,,,,,,,,,,,,,,,,,,,,,,,,,
,,,,,,,,,,,,,,,,,,,,,,,,,
,,,,,,,,,,,,,,,,,,,,,,,,,
,,,,,,,,,,,,,,,,,,,,,,,,,
,,,,,,,,,,,,,,,,,,,,,,,,,
,,,,,,,,,,,,,,,,,,,,,,,,,
,,,,,,,,,,,,,,,,,,,,,,,,,
,,,,,,,,,,,,,,,,,,,,,,,,,
,,,,,,,,,,,,,,,,,,,,,,,,,
,,,,,,,,,,,,,,,,,,,,,,,,,
,,,,,,,,,,,,,,,,,,,,,,,,,
,,,,,,,,,,,,,,,,,,,,,,,,,
,,,,,,,,,,,,,,,,,,,,,,,,,
,,,,,,,,,,,,,,,,,,,,,,,,,
,,,,,,,,,,,,,,,,,,,,,,,,,
,,,,,,,,,,,,,,,,,,,,,,,,,
,,,,,,,,,,,,,,,,,,,,,,,,,
,,,,,,,,,,,,,,,,,,,,,,,,,
,,,,,,,,,,,,,,,,,,,,,,,,,
,,,,,,,,,,,,,,,,,,,,,,,,,
,,,,,,,,,,,,,,,,,,,,,,,,,
,,,,,,,,,,,,,,,,,,,,,,,,,
,,,,,,,,,,,,,,,,,,,,,,,,,
,,,,,,,,,,,,,,,,,,,,,,,,,
,,,,,,,,,,,,,,,,,,,,,,,,,
,,,,,,,,,,,,,,,,,,,,,,,,,
,,,,,,,,,,,,,,,,,,,,,,,,,
,,,,,,,,,,,,,,,,,,,,,,,,,
,,,,,,,,,,,,,,,,,,,,,,,,,
,,,,,,,,,,,,,,,,,,,,,,,,,
,,,,,,,,,,,,,,,,,,,,,,,,,
,,,,,,,,,,,,,,,,,,,,,,,,,
,,,,,,,,,,,,,,,,,,,,,,,,,
,,,,,,,,,,,,,,,,,,,,,,,,,
,,,,,,,,,,,,,,,,,,,,,,,,,
,,,,,,,,,,,,,,,,,,,,,,,,,
,,,,,,,,,,,,,,,,,,,,,,,,,
,,,,,,,,,,,,,,,,,,,,,,,,,
,,,,,,,,,,,,,,,,,,,,,,,,,
,,,,,,,,,,,,,,,,,,,,,,,,,
,,,,,,,,,,,,,,,,,,,,,,,,,
,,,,,,,,,,,,,,,,,,,,,,,,,
,,,,,,,,,,,,,,,,,,,,,,,,,
,,,,,,,,,,,,,,,,,,,,,,,,,
,,,,,,,,,,,,,,,,,,,,,,,,,
,,,,,,,,,,,,,,,,,,,,,,,,,
,,,,,,,,,,,,,,,,,,,,,,,,,
,,,,,,,,,,,,,,,,,,,,,,,,,
,,,,,,,,,,,,,,,,,,,,,,,,,
,,,,,,,,,,,,,,,,,,,,,,,,,
,,,,,,,,,,,,,,,,,,,,,,,,,
,,,,,,,,,,,,,,,,,,,,,,,,,
,,,,,,,,,,,,,,,,,,,,,,,,,
,,,,,,,,,,,,,,,,,,,,,,,,,
,,,,,,,,,,,,,,,,,,,,,,,,,
,,,,,,,,,,,,,,,,,,,,,,,,,
,,,,,,,,,,,,,,,,,,,,,,,,,
,,,,,,,,,,,,,,,,,,,,,,,,,
,,,,,,,,,,,,,,,,,,,,,,,,,
,,,,,,,,,,,,,,,,,,,,,,,,,
,,,,,,,,,,,,,,,,,,,,,,,,,
,,,,,,,,,,,,,,,,,,,,,,,,,
,,,,,,,,,,,,,,,,,,,,,,,,,
,,,,,,,,,,,,,,,,,,,,,,,,,
,,,,,,,,,,,,,,,,,,,,,,,,,
,,,,,,,,,,,,,,,,,,,,,,,,,
,,,,,,,,,,,,,,,,,,,,,,,,,
,,,,,,,,,,,,,,,,,,,,,,,,,
,,,,,,,,,,,,,,,,,,,,,,,,,
,,,,,,,,,,,,,,,,,,,,,,,,,
,,,,,,,,,,,,,,,,,,,,,,,,,
,,,,,,,,,,,,,,,,,,,,,,,,,
,,,,,,,,,,,,,,,,,,,,,,,,,
,,,,,,,,,,,,,,,,,,,,,,,,,
,,,,,,,,,,,,,,,,,,,,,,,,,
,,,,,,,,,,,,,,,,,,,,,,,,,
,,,,,,,,,,,,,,,,,,,,,,,,,
,,,,,,,,,,,,,,,,,,,,,,,,,
,,,,,,,,,,,,,,,,,,,,,,,,,
,,,,,,,,,,,,,,,,,,,,,,,,,
,,,,,,,,,,,,,,,,,,,,,,,,,
,,,,,,,,,,,,,,,,,,,,,,,,,
,,,,,,,,,,,,,,,,,,,,,,,,,
,,,,,,,,,,,,,,,,,,,,,,,,,
,,,,,,,,,,,,,,,,,,,,,,,,,
,,,,,,,,,,,,,,,,,,,,,,,,,
,,,,,,,,,,,,,,,,,,,,,,,,,
,,,,,,,,,,,,,,,,,,,,,,,,,
,,,,,,,,,,,,,,,,,,,,,,,,,
,,,,,,,,,,,,,,,,,,,,,,,,,
,,,,,,,,,,,,,,,,,,,,,,,,,
,,,,,,,,,,,,,,,,,,,,,,,,,
,,,,,,,,,,,,,,,,,,,,,,,,,
,,,,,,,,,,,,,,,,,,,,,,,,,
,,,,,,,,,,,,,,,,,,,,,,,,,
,,,,,,,,,,,,,,,,,,,,,,,,,
,,,,,,,,,,,,,,,,,,,,,,,,,
,,,,,,,,,,,,,,,,,,,,,,,,,
,,,,,,,,,,,,,,,,,,,,,,,,,
,,,,,,,,,,,,,,,,,,,,,,,,,
,,,,,,,,,,,,,,,,,,,,,,,,,
,,,,,,,,,,,,,,,,,,,,,,,,,
,,,,,,,,,,,,,,,,,,,,,,,,,
,,,,,,,,,,,,,,,,,,,,,,,,,
,,,,,,,,,,,,,,,,,,,,,,,,,
,,,,,,,,,,,,,,,,,,,,,,,,,
,,,,,,,,,,,,,,,,,,,,,,,,,
,,,,,,,,,,,,,,,,,,,,,,,,,
,,,,,,,,,,,,,,,,,,,,,,,,,
,,,,,,,,,,,,,,,,,,,,,,,,,
,,,,,,,,,,,,,,,,,,,,,,,,,
,,,,,,,,,,,,,,,,,,,,,,,,,
,,,,,,,,,,,,,,,,,,,,,,,,,
,,,,,,,,,,,,,,,,,,,,,,,,,
,,,,,,,,,,,,,,,,,,,,,,,,,
,,,,,,,,,,,,,,,,,,,,,,,,,
,,,,,,,,,,,,,,,,,,,,,,,,,
,,,,,,,,,,,,,,,,,,,,,,,,,
,,,,,,,,,,,,,,,,,,,,,,,,,
,,,,,,,,,,,,,,,,,,,,,,,,,
,,,,,,,,,,,,,,,,,,,,,,,,,
,,,,,,,,,,,,,,,,,,,,,,,,,
,,,,,,,,,,,,,,,,,,,,,,,,,
,,,,,,,,,,,,,,,,,,,,,,,,,
,,,,,,,,,,,,,,,,,,,,,,,,,
,,,,,,,,,,,,,,,,,,,,,,,,,
,,,,,,,,,,,,,,,,,,,,,,,,,
,,,,,,,,,,,,,,,,,,,,,,,,,
,,,,,,,,,,,,,,,,,,,,,,,,,
,,,,,,,,,,,,,,,,,,,,,,,,,
,,,,,,,,,,,,,,,,,,,,,,,,,
,,,,,,,,,,,,,,,,,,,,,,,,,
,,,,,,,,,,,,,,,,,,,,,,,,,
,,,,,,,,,,,,,,,,,,,,,,,,,
,,,,,,,,,,,,,,,,,,,,,,,,,
,,,,,,,,,,,,,,,,,,,,,,,,,
,,,,,,,,,,,,,,,,,,,,,,,,,
,,,,,,,,,,,,,,,,,,,,,,,,,
,,,,,,,,,,,,,,,,,,,,,,,,,
,,,,,,,,,,,,,,,,,,,,,,,,,
,,,,,,,,,,,,,,,,,,,,,,,,,
,,,,,,,,,,,,,,,,,,,,,,,,,
,,,,,,,,,,,,,,,,,,,,,,,,,
,,,,,,,,,,,,,,,,,,,,,,,,,
,,,,,,,,,,,,,,,,,,,,,,,,,
,,,,,,,,,,,,,,,,,,,,,,,,,
,,,,,,,,,,,,,,,,,,,,,,,,,
,,,,,,,,,,,,,,,,,,,,,,,,,
,,,,,,,,,,,,,,,,,,,,,,,,,
,,,,,,,,,,,,,,,,,,,,,,,,,
,,,,,,,,,,,,,,,,,,,,,,,,,
,,,,,,,,,,,,,,,,,,,,,,,,,
,,,,,,,,,,,,,,,,,,,,,,,,,
,,,,,,,,,,,,,,,,,,,,,,,,,
,,,,,,,,,,,,,,,,,,,,,,,,,
,,,,,,,,,,,,,,,,,,,,,,,,,
,,,,,,,,,,,,,,,,,,,,,,,,,
,,,,,,,,,,,,,,,,,,,,,,,,,
,,,,,,,,,,,,,,,,,,,,,,,,,
,,,,,,,,,,,,,,,,,,,,,,,,,
,,,,,,,,,,,,,,,,,,,,,,,,,
,,,,,,,,,,,,,,,,,,,,,,,,,
,,,,,,,,,,,,,,,,,,,,,,,,,
,,,,,,,,,,,,,,,,,,,,,,,,,
,,,,,,,,,,,,,,,,,,,,,,,,,
,,,,,,,,,,,,,,,,,,,,,,,,,
,,,,,,,,,,,,,,,,,,,,,,,,,
,,,,,,,,,,,,,,,,,,,,,,,,,
,,,,,,,,,,,,,,,,,,,,,,,,,
,,,,,,,,,,,,,,,,,,,,,,,,,
,,,,,,,,,,,,,,,,,,,,,,,,,
,,,,,,,,,,,,,,,,,,,,,,,,,
,,,,,,,,,,,,,,,,,,,,,,,,,
,,,,,,,,,,,,,,,,,,,,,,,,,
,,,,,,,,,,,,,,,,,,,,,,,,,
,,,,,,,,,,,,,,,,,,,,,,,,,
,,,,,,,,,,,,,,,,,,,,,,,,,
,,,,,,,,,,,,,,,,,,,,,,,,,
,,,,,,,,,,,,,,,,,,,,,,,,,
,,,,,,,,,,,,,,,,,,,,,,,,,
,,,,,,,,,,,,,,,,,,,,,,,,,
,,,,,,,,,,,,,,,,,,,,,,,,,
,,,,,,,,,,,,,,,,,,,,,,,,,
,,,,,,,,,,,,,,,,,,,,,,,,,
,,,,,,,,,,,,,,,,,,,,,,,,,
,,,,,,,,,,,,,,,,,,,,,,,,,
,,,,,,,,,,,,,,,,,,,,,,,,,
,,,,,,,,,,,,,,,,,,,,,,,,,
,,,,,,,,,,,,,,,,,,,,,,,,,
,,,,,,,,,,,,,,,,,,,,,,,,,
,,,,,,,,,,,,,,,,,,,,,,,,,
,,,,,,,,,,,,,,,,,,,,,,,,,
,,,,,,,,,,,,,,,,,,,,,,,,,
,,,,,,,,,,,,,,,,,,,,,,,,,
,,,,,,,,,,,,,,,,,,,,,,,,,
,,,,,,,,,,,,,,,,,,,,,,,,,
,,,,,,,,,,,,,,,,,,,,,,,,,
,,,,,,,,,,,,,,,,,,,,,,,,,
,,,,,,,,,,,,,,,,,,,,,,,,,
,,,,,,,,,,,,,,,,,,,,,,,,,
,,,,,,,,,,,,,,,,,,,,,,,,,
,,,,,,,,,,,,,,,,,,,,,,,,,
,,,,,,,,,,,,,,,,,,,,,,,,,
,,,,,,,,,,,,,,,,,,,,,,,,,
,,,,,,,,,,,,,,,,,,,,,,,,,
,,,,,,,,,,,,,,,,,,,,,,,,,
,,,,,,,,,,,,,,,,,,,,,,,,,
,,,,,,,,,,,,,,,,,,,,,,,,,
,,,,,,,,,,,,,,,,,,,,,,,,,
,,,,,,,,,,,,,,,,,,,,,,,,,
,,,,,,,,,,,,,,,,,,,,,,,,,
,,,,,,,,,,,,,,,,,,,,,,,,,
,,,,,,,,,,,,,,,,,,,,,,,,,
,,,,,,,,,,,,,,,,,,,,,,,,,
,,,,,,,,,,,,,,,,,,,,,,,,,
,,,,,,,,,,,,,,,,,,,,,,,,,
,,,,,,,,,,,,,,,,,,,,,,,,,
,,,,,,,,,,,,,,,,,,,,,,,,,
,,,,,,,,,,,,,,,,,,,,,,,,,
,,,,,,,,,,,,,,,,,,,,,,,,,
,,,,,,,,,,,,,,,,,,,,,,,,,
,,,,,,,,,,,,,,,,,,,,,,,,,
,,,,,,,,,,,,,,,,,,,,,,,,,
,,,,,,,,,,,,,,,,,,,,,,,,,
,,,,,,,,,,,,,,,,,,,,,,,,,
,,,,,,,,,,,,,,,,,,,,,,,,,
,,,,,,,,,,,,,,,,,,,,,,,,,
,,,,,,,,,,,,,,,,,,,,,,,,,
,,,,,,,,,,,,,,,,,,,,,,,,,
,,,,,,,,,,,,,,,,,,,,,,,,,
,,,,,,,,,,,,,,,,,,,,,,,,,
,,,,,,,,,,,,,,,,,,,,,,,,,
,,,,,,,,,,,,,,,,,,,,,,,,,
,,,,,,,,,,,,,,,,,,,,,,,,,
,,,,,,,,,,,,,,,,,,,,,,,,,
,,,,,,,,,,,,,,,,,,,,,,,,,
,,,,,,,,,,,,,,,,,,,,,,,,,
,,,,,,,,,,,,,,,,,,,,,,,,,
,,,,,,,,,,,,,,,,,,,,,,,,,
,,,,,,,,,,,,,,,,,,,,,,,,,
,,,,,,,,,,,,,,,,,,,,,,,,,
,,,,,,,,,,,,,,,,,,,,,,,,,
,,,,,,,,,,,,,,,,,,,,,,,,,
,,,,,,,,,,,,,,,,,,,,,,,,,
,,,,,,,,,,,,,,,,,,,,,,,,,
,,,,,,,,,,,,,,,,,,,,,,,,,
,,,,,,,,,,,,,,,,,,,,,,,,,
,,,,,,,,,,,,,,,,,,,,,,,,,
,,,,,,,,,,,,,,,,,,,,,,,,,
,,,,,,,,,,,,,,,,,,,,,,,,,
,,,,,,,,,,,,,,,,,,,,,,,,,
,,,,,,,,,,,,,,,,,,,,,,,,,
,,,,,,,,,,,,,,,,,,,,,,,,,
,,,,,,,,,,,,,,,,,,,,,,,,,
,,,,,,,,,,,,,,,,,,,,,,,,,
,,,,,,,,,,,,,,,,,,,,,,,,,
,,,,,,,,,,,,,,,,,,,,,,,,,
,,,,,,,,,,,,,,,,,,,,,,,,,
,,,,,,,,,,,,,,,,,,,,,,,,,
,,,,,,,,,,,,,,,,,,,,,,,,,
,,,,,,,,,,,,,,,,,,,,,,,,,
,,,,,,,,,,,,,,,,,,,,,,,,,
,,,,,,,,,,,,,,,,,,,,,,,,,
,,,,,,,,,,,,,,,,,,,,,,,,,
,,,,,,,,,,,,,,,,,,,,,,,,,
,,,,,,,,,,,,,,,,,,,,,,,,,
,,,,,,,,,,,,,,,,,,,,,,,,,
,,,,,,,,,,,,,,,,,,,,,,,,,
,,,,,,,,,,,,,,,,,,,,,,,,,
,,,,,,,,,,,,,,,,,,,,,,,,,
,,,,,,,,,,,,,,,,,,,,,,,,,
,,,,,,,,,,,,,,,,,,,,,,,,,
,,,,,,,,,,,,,,,,,,,,,,,,,
,,,,,,,,,,,,,,,,,,,,,,,,,
,,,,,,,,,,,,,,,,,,,,,,,,,
,,,,,,,,,,,,,,,,,,,,,,,,,
,,,,,,,,,,,,,,,,,,,,,,,,,
,,,,,,,,,,,,,,,,,,,,,,,,,
,,,,,,,,,,,,,,,,,,,,,,,,,
,,,,,,,,,,,,,,,,,,,,,,,,,
,,,,,,,,,,,,,,,,,,,,,,,,,
,,,,,,,,,,,,,,,,,,,,,,,,,
,,,,,,,,,,,,,,,,,,,,,,,,,
,,,,,,,,,,,,,,,,,,,,,,,,,
,,,,,,,,,,,,,,,,,,,,,,,,,
,,,,,,,,,,,,,,,,,,,,,,,,,
,,,,,,,,,,,,,,,,,,,,,,,,,
,,,,,,,,,,,,,,,,,,,,,,,,,
,,,,,,,,,,,,,,,,,,,,,,,,,
,,,,,,,,,,,,,,,,,,,,,,,,,
,,,,,,,,,,,,,,,,,,,,,,,,,
,,,,,,,,,,,,,,,,,,,,,,,,,
,,,,,,,,,,,,,,,,,,,,,,,,,
,,,,,,,,,,,,,,,,,,,,,,,,,
,,,,,,,,,,,,,,,,,,,,,,,,,
,,,,,,,,,,,,,,,,,,,,,,,,,
,,,,,,,,,,,,,,,,,,,,,,,,,
,,,,,,,,,,,,,,,,,,,,,,,,,
,,,,,,,,,,,,,,,,,,,,,,,,,
,,,,,,,,,,,,,,,,,,,,,,,,,
,,,,,,,,,,,,,,,,,,,,,,,,,
,,,,,,,,,,,,,,,,,,,,,,,,,
,,,,,,,,,,,,,,,,,,,,,,,,,
,,,,,,,,,,,,,,,,,,,,,,,,,
,,,,,,,,,,,,,,,,,,,,,,,,,
,,,,,,,,,,,,,,,,,,,,,,,,,
,,,,,,,,,,,,,,,,,,,,,,,,,
,,,,,,,,,,,,,,,,,,,,,,,,,
,,,,,,,,,,,,,,,,,,,,,,,,,
,,,,,,,,,,,,,,,,,,,,,,,,,
,,,,,,,,,,,,,,,,,,,,,,,,,
,,,,,,,,,,,,,,,,,,,,,,,,,
,,,,,,,,,,,,,,,,,,,,,,,,,
,,,,,,,,,,,,,,,,,,,,,,,,,
,,,,,,,,,,,,,,,,,,,,,,,,,
,,,,,,,,,,,,,,,,,,,,,,,,,
,,,,,,,,,,,,,,,,,,,,,,,,,
,,,,,,,,,,,,,,,,,,,,,,,,,
,,,,,,,,,,,,,,,,,,,,,,,,,
,,,,,,,,,,,,,,,,,,,,,,,,,
,,,,,,,,,,,,,,,,,,,,,,,,,
,,,,,,,,,,,,,,,,,,,,,,,,,
,,,,,,,,,,,,,,,,,,,,,,,,,
,,,,,,,,,,,,,,,,,,,,,,,,,
,,,,,,,,,,,,,,,,,,,,,,,,,
,,,,,,,,,,,,,,,,,,,,,,,,,
,,,,,,,,,,,,,,,,,,,,,,,,,
,,,,,,,,,,,,,,,,,,,,,,,,,
,,,,,,,,,,,,,,,,,,,,,,,,,
,,,,,,,,,,,,,,,,,,,,,,,,,
,,,,,,,,,,,,,,,,,,,,,,,,,
,,,,,,,,,,,,,,,,,,,,,,,,,
,,,,,,,,,,,,,,,,,,,,,,,,,
,,,,,,,,,,,,,,,,,,,,,,,,,
,,,,,,,,,,,,,,,,,,,,,,,,,
,,,,,,,,,,,,,,,,,,,,,,,,,
,,,,,,,,,,,,,,,,,,,,,,,,,
,,,,,,,,,,,,,,,,,,,,,,,,,
,,,,,,,,,,,,,,,,,,,,,,,,,
,,,,,,,,,,,,,,,,,,,,,,,,,
,,,,,,,,,,,,,,,,,,,,,,,,,
,,,,,,,,,,,,,,,,,,,,,,,,,
,,,,,,,,,,,,,,,,,,,,,,,,,
,,,,,,,,,,,,,,,,,,,,,,,,,
,,,,,,,,,,,,,,,,,,,,,,,,,
,,,,,,,,,,,,,,,,,,,,,,,,,
,,,,,,,,,,,,,,,,,,,,,,,,,
,,,,,,,,,,,,,,,,,,,,,,,,,
,,,,,,,,,,,,,,,,,,,,,,,,,
,,,,,,,,,,,,,,,,,,,,,,,,,
,,,,,,,,,,,,,,,,,,,,,,,,,
,,,,,,,,,,,,,,,,,,,,,,,,,
,,,,,,,,,,,,,,,,,,,,,,,,,
,,,,,,,,,,,,,,,,,,,,,,,,,
,,,,,,,,,,,,,,,,,,,,,,,,,
,,,,,,,,,,,,,,,,,,,,,,,,,
,,,,,,,,,,,,,,,,,,,,,,,,,
,,,,,,,,,,,,,,,,,,,,,,,,,
,,,,,,,,,,,,,,,,,,,,,,,,,
,,,,,,,,,,,,,,,,,,,,,,,,,
,,,,,,,,,,,,,,,,,,,,,,,,,
,,,,,,,,,,,,,,,,,,,,,,,,,
,,,,,,,,,,,,,,,,,,,,,,,,,
,,,,,,,,,,,,,,,,,,,,,,,,,
,,,,,,,,,,,,,,,,,,,,,,,,,
,,,,,,,,,,,,,,,,,,,,,,,,,
,,,,,,,,,,,,,,,,,,,,,,,,,
,,,,,,,,,,,,,,,,,,,,,,,,,
,,,,,,,,,,,,,,,,,,,,,,,,,
,,,,,,,,,,,,,,,,,,,,,,,,,
,,,,,,,,,,,,,,,,,,,,,,,,,
,,,,,,,,,,,,,,,,,,,,,,,,,
,,,,,,,,,,,,,,,,,,,,,,,,,
,,,,,,,,,,,,,,,,,,,,,,,,,
,,,,,,,,,,,,,,,,,,,,,,,,,
,,,,,,,,,,,,,,,,,,,,,,,,,
,,,,,,,,,,,,,,,,,,,,,,,,,
,,,,,,,,,,,,,,,,,,,,,,,,,
,,,,,,,,,,,,,,,,,,,,,,,,,
,,,,,,,,,,,,,,,,,,,,,,,,,
,,,,,,,,,,,,,,,,,,,,,,,,,
,,,,,,,,,,,,,,,,,,,,,,,,,
,,,,,,,,,,,,,,,,,,,,,,,,,
,,,,,,,,,,,,,,,,,,,,,,,,,
,,,,,,,,,,,,,,,,,,,,,,,,,
,,,,,,,,,,,,,,,,,,,,,,,,,
,,,,,,,,,,,,,,,,,,,,,,,,,
,,,,,,,,,,,,,,,,,,,,,,,,,
,,,,,,,,,,,,,,,,,,,,,,,,,
,,,,,,,,,,,,,,,,,,,,,,,,,
,,,,,,,,,,,,,,,,,,,,,,,,,
,,,,,,,,,,,,,,,,,,,,,,,,,
,,,,,,,,,,,,,,,,,,,,,,,,,
,,,,,,,,,,,,,,,,,,,,,,,,,
,,,,,,,,,,,,,,,,,,,,,,,,,
,,,,,,,,,,,,,,,,,,,,,,,,,
,,,,,,,,,,,,,,,,,,,,,,,,,
,,,,,,,,,,,,,,,,,,,,,,,,,
,,,,,,,,,,,,,,,,,,,,,,,,,
,,,,,,,,,,,,,,,,,,,,,,,,,
,,,,,,,,,,,,,,,,,,,,,,,,,
,,,,,,,,,,,,,,,,,,,,,,,,,
,,,,,,,,,,,,,,,,,,,,,,,,,
,,,,,,,,,,,,,,,,,,,,,,,,,
,,,,,,,,,,,,,,,,,,,,,,,,,
,,,,,,,,,,,,,,,,,,,,,,,,,
,,,,,,,,,,,,,,,,,,,,,,,,,
,,,,,,,,,,,,,,,,,,,,,,,,,
,,,,,,,,,,,,,,,,,,,,,,,,,
,,,,,,,,,,,,,,,,,,,,,,,,,
,,,,,,,,,,,,,,,,,,,,,,,,,
,,,,,,,,,,,,,,,,,,,,,,,,,
,,,,,,,,,,,,,,,,,,,,,,,,,
,,,,,,,,,,,,,,,,,,,,,,,,,
,,,,,,,,,,,,,,,,,,,,,,,,,
,,,,,,,,,,,,,,,,,,,,,,,,,
,,,,,,,,,,,,,,,,,,,,,,,,,
,,,,,,,,,,,,,,,,,,,,,,,,,
,,,,,,,,,,,,,,,,,,,,,,,,,
,,,,,,,,,,,,,,,,,,,,,,,,,
,,,,,,,,,,,,,,,,,,,,,,,,,
,,,,,,,,,,,,,,,,,,,,,,,,,
,,,,,,,,,,,,,,,,,,,,,,,,,
,,,,,,,,,,,,,,,,,,,,,,,,,
,,,,,,,,,,,,,,,,,,,,,,,,,
,,,,,,,,,,,,,,,,,,,,,,,,,
,,,,,,,,,,,,,,,,,,,,,,,,,
,,,,,,,,,,,,,,,,,,,,,,,,,
,,,,,,,,,,,,,,,,,,,,,,,,,
,,,,,,,,,,,,,,,,,,,,,,,,,
,,,,,,,,,,,,,,,,,,,,,,,,,
,,,,,,,,,,,,,,,,,,,,,,,,,
,,,,,,,,,,,,,,,,,,,,,,,,,
,,,,,,,,,,,,,,,,,,,,,,,,,
,,,,,,,,,,,,,,,,,,,,,,,,,
,,,,,,,,,,,,,,,,,,,,,,,,,
,,,,,,,,,,,,,,,,,,,,,,,,,
,,,,,,,,,,,,,,,,,,,,,,,,,
,,,,,,,,,,,,,,,,,,,,,,,,,
,,,,,,,,,,,,,,,,,,,,,,,,,
,,,,,,,,,,,,,,,,,,,,,,,,,
,,,,,,,,,,,,,,,,,,,,,,,,,
,,,,,,,,,,,,,,,,,,,,,,,,,
,,,,,,,,,,,,,,,,,,,,,,,,,
,,,,,,,,,,,,,,,,,,,,,,,,,
,,,,,,,,,,,,,,,,,,,,,,,,,
,,,,,,,,,,,,,,,,,,,,,,,,,
,,,,,,,,,,,,,,,,,,,,,,,,,
,,,,,,,,,,,,,,,,,,,,,,,,,
,,,,,,,,,,,,,,,,,,,,,,,,,
